title,content
"航海王暈船 陽明跌停鎖住能接？ 分析師點關鍵：船票抓緊！",航運三雄陽明、長榮、萬海去年底紛紛大漲，帶動航運股全面大噴出，股價漲翻天，但股價近2日卻連續受挫，賣壓沉重，去年12月漲幅逾120％的陽明，更是連吞2根跌停板，引起散戶高度關注，好奇能否逢低買進？  長榮因股價遭列入注意股票，被要求公布自結數字，5日公布2020年11月EPS為0.85元，年增率達8600％，雖然數字亮眼，但股價卻未反映利多，加上澳洲線因地中海航運加開航線，使貨櫃運價下跌，出現此波貨櫃航運運價飆漲以來，首例較大下跌情況，也讓航運類股受到挑戰。  今日航運類股受挫，長榮、萬海延續昨日跌勢，盤中跌幅持續擴大，拉出帶量長黑，陽明則是在開盤20分鐘後，直接摜入跌停鎖住，委賣高掛逾4.4萬張。<BR> ▼（圖／翻攝自嘉實全球贏家） <BR> <BR> <BR>分析師豐開平則認為，航運股的漲勢就此嘎然而止，因為台灣航運的主流為歐洲線，澳洲線比重並不高，此波下殺可視為漲多拉回，2日之內就有機會醞釀反彈。<BR> （封面圖／翻攝自長榮海運官網）
"貨櫃三雄熄火 陽明長榮慘跌停","（中央社記者蔡芃敏台北2021年1月7日電）貨櫃三雄股價熄火，陽明 (2609) 、長榮 (2603) 今天更觸及跌停價，法人分析，陽明、長榮目前是散戶大軍，跟著新聞消息殺進殺出，且短線漲幅過大，導致獲利賣壓出籠。海運運價走高，貨櫃航運獲利看俏，長榮因被證交所列為注意股，日前公告自結去年11月財報，單月稅後純益達新台幣49.31億元，每股盈餘（EPS）0.85元；陽明去年11月稅前盈餘達新台幣34.24億元，EPS0.92元，賺贏去年前3季。雖財報有不錯表現，但貨櫃航運並未延續強勢，外資昨天單日大賣長榮超過4.3萬張，為賣超排行第一。不過，外資買進陽明3219張、萬海2580張。貨櫃三雄股價表現已連2天走弱，長榮股價開高走低，一度摔至跌停價38.3元，股價跌破5日線約42.3元，截至10時45分，交易量已經突破48萬張，為上市交易排行第一。陽明連續2天苦吞跌停，今天開盤下挫至跌停價25.95元，下跌2.85元；萬海 (2615) 跌勢超過9%，低點至45.5元。法人分析，長榮雖然財報數字漂亮，不過卻低於陽明去年11月的EPS0.92元，陽明、長榮目前是散戶大軍，散戶跟著新聞消息殺進殺出，短線漲幅過大，不時有獲利賣壓出現，致股價高點出現爆量下挫。另外，資金近日轉往其他族群，電子股轉強，導致運輸股轉弱。"
"貨櫃三雄不敵賣壓 陽明跌停長榮挫逾9%","（中央社記者蔡芃敏台北2021年01月12日電）貨櫃三雄去年營收創新高，且運價持續上揚。不過陽明 (2609) 今天收在跌停價，長榮 (2603) 終場下挫逾9%。法人分析，股價位階來到高檔，且籌碼面稍凌亂，投資人轉為觀望，致股價回檔修正。貨櫃三雄去年營收寫下新高，長榮去年營收突破2000億元關卡，至2072.82億元，較2019年成長9%，陽明全年營收達1518.84億元，年增1.7%，萬海 (2615) 營收達822.65億元，年增12.7%。雖營收寫下新高，且運價續揚，不過貨櫃三雄今天股價表現疲弱，利多鈍化不漲，陽明吞跌停，收25.7元，長榮下挫9.61%，收在38.55元，萬海下跌2.68%，收49.05元。觀察外資動向，今天續賣長榮，共計1萬6425張，為賣超排行第2，外資也賣出萬海共2306張。華南投顧董事長儲祥生分析，今天上午傳出北部醫院疑有肺炎感染事件，台股靠台積電 (2330) 撐盤，各個族群大多收黑，貨櫃三雄股價也走弱。他說，由於航運類股融資比例升高，且頻頻寫下大量，籌碼稍凌亂；另外，目前股價已經漲3至4倍，來到相對高檔，投資人轉為觀望，導致利多不漲。投資人應該將貨櫃航運視為景氣循環股，得密切注意市況是否出現反轉。"
"貨櫃三雄收跌停 法人：資金快速輪動航運轉弱","（中央社記者蔡芃敏台北2021年01月15日電）貨櫃三雄長榮 (2603) 、萬海 (2615) 、陽明 (2609) 今天股價跳水，全數收在跌停價位，分析師指出，台股資金快速輪動，資金移往至電子股，導致航運族群再轉弱。長榮今天爆量收黑，終場收在跌停價34.25元，交易量衝上57萬張，失守月均線約37.25元，且外資持續大賣長榮，賣超2萬4038張。陽明收23.35元，失守5日線約25.5元、月線約25.15元。萬海同樣收在跌停價43.25元，外資買超2694張。分析師指出，台股資金持續快速輪動，航運族群股價先前快速飆漲、導致正乖離過高，近日呈現修正整理格局。由於昨天台積電法說會釋出正向消息，今天資金移往至電子股，導致航運族群再度轉弱。宏遠投顧副總經理陳國清則說，今年第1季缺船、缺櫃問題仍然無解。認為這次貨櫃航運股價回跌修正，為第4段修正波，股價修正完畢後，有望展開第5段行情。他也說，陽明分盤交易處置至18日止，投資人可以關注相關類股表現。本土法人報告指出， 歐美疫情未和緩，缺櫃短期仍難解，且新造櫃至少仍需3個月至6個月消化訂單，預期塞港、缺櫃至少延續1季到2季，認為有助今年上半年運價維持高檔。本土法人認為，貨櫃航運今年展望正向，不過，後續仍須注意疫情狀況、國際油價走高等潛在風險。此外，陽明今天宣布，2800 TEU級全貨櫃輪「譽明輪」交付，「譽明輪」將自19日起加入營運，投入台灣-菲律賓航線，提供客戶高雄直航馬尼拉運送服務，有助陽明進一步提升亞洲航線營運績效。"
"《光電股》1.3個股本！先進光天價賠償大立光 打入跌停",【時報記者張漢綺台北報導】大立光(3008)控告先進光(3362)及其負責人林忠和、總經理羅章浚等人營業秘密損害賠償等民事官司二審宣判出爐，先進光遭判賠大立光15.22億元，約當先進光1.3個股本，大立光表示，公司一直希望先進光拿出誠意談判和解，但先進光未正視此事，為捍衛公司權益，公司不得不依法選擇法律途徑來尋求解決，在司法還給大立光公道取得的15.22億元罰款後，公司會將其投注於捍衛智慧財產權的公益活動中。受上影響，先進光開低急跌，打入跌停板。大立光與先進光纏訟多年的著作權及營業秘密損害賠償等民事官司28日二審宣判，先進光遭判賠大立光15.22億元，金額約當先進光現有股本11.15億元的1.36倍，由於金額龐大，對先進光財務及業務恐造成影響。不過，先進光在28日發布重訊，並未提及公司遭二審判決應賠償大立光15.22億元，僅表示，公司目前尚未收到判決書，此判決並非確定判決，仍可提起第三審上訴，公司將繼續委請律師處理後續訴訟程序。對於二審判決，大立光表示，過去幾年公司一直向先進光喊話，希望先進光可以拿出誠意和解，但先進光未正視此事，也未提出有誠意的和解方案，為捍衛公司權益，公司不得不依法選擇法律途徑來尋求解決；大立光強調，在司法還公道取得的15.22億元罰款後，公司會將其投注於捍衛智慧財產權的公益活動中。
"系統性風險來了？GameStop一度跌停 34%","Reddit 散戶史詩級大軋空戲碼持續跌盪起伏，週一 (1 日) 散戶瘋狂追捧的 GameStop (GME-US) 開盤一路震盪走跌，一度暴跌 34% 而短暫跌停，截稿前，該股下跌 24.14% 暫報 246.54 美元。GameStop 1 月股價飆升 1,625%，根據 S3 Partners 資料，截至上週五收盤，GameStop 瘋狂暴漲已讓對沖基金大戶虧損近 200 億美元。網上交易平台 Robinhood 週一開始放寬交易限制，將 GameStop 交易限制從 1 股提高到 4 股，尾盤時段提到 20 股。此外，Robinhood 繼上週從股東籌集 10 億美元後，該平台再次獲股東注資 24 億美元，以應付近日散戶炒股風波，增加對資金的需求。投資諮詢公司 MBMG Group 聯合創始人 Paul Gambles 表示，由 Reddit 推動的散戶交易狂潮可能給市場帶來系統性風險。Paul Gambles 稱， GameStop 股票絕對不可能符合當前價格，但那些買入的人們實際上並不在乎。Paul Gambles 道，Reddit 投資趨勢可能導致市場系統性事件，Robinhood 上週對各種股票的交易限制，暗示如果對沖基金開始破產，這可能會重創大型證券商 Prime Broker，重演 1998 年長期資本管理 (LTCM) 事件。長期資本管理 (LTCM) 是一家投機性避險基金，由於該機構專門從事利用高槓桿的絕對報酬交易策略，1998 年俄羅斯金融危機後，這家避險基金造成了 46 億美元的巨大虧損而倒閉，幾乎摧毀了全球金融體系，最後不得不請求美國聯準會的財政介入。"
"〈美股早盤〉投機熱潮消散 道瓊早盤飆逾300點 GameStop挫42%一度跌停","美股周二 (2 日) 集體高開，道瓊工業指數點漲逾 300 點或 1%，那斯達克指數和標普 500 指數均漲 1.1％，費半漲 1.4％。GameStop、AMC 早盤崩跌 40% 以上，GameStop 跌 42% 時一度跌停，白銀期貨價也大幅回吐。由散戶主導的軋空行情似乎正在失去動力。GameStop(GME-US)、AMC(AMC-US)、高斯電子 (KOSS-US) 周二開盤全數重挫，Express(EXPR-US)、Naked Brand(NAKD-US) 和黑莓 (BB-US) 也回吐漲幅。白銀期貨周二跌逾 7％，帶動 Hecla Mining(HL-US)、Coeur Mining(CDE-US) 在內礦業股走低。10 年期美債殖利率升至 1.108%。民主黨人周一啟動預算和解程序，將法案通過門檻降至 51 張同意票，盼能繞過共和黨來通過 1.9 兆美元的紓困法案，爭取快速通關，並拒絕共和黨提出規模 6180 億美元的紓困計畫。與此同時，美國疫情似乎已較改善，提振華爾街多頭的樂觀情緒。COVID Tracking Project 數據顯示，全美周一住院患者數為 93536 人，降至去年 11 月 29 日以來最低，美國疾病管制與預防中心 (CDC) 迄今已有 2603 萬人接種第 1 劑疫苗。隨著財報季邁入尾聲，FactSet 數據顯示，截至目前，標普 500 指數公司中有 81% 的公司財報優於預期。亞馬遜 (AMZN-US) 和 Alphabet(GOOGL-US) 將在周二盤後公布最新財報，兩者開盤均漲逾 1%。截至台北時間周二 (2 日)22 時許：<BR>道瓊指數上漲 305.03 點或 1.01%，暫報 30516.94 點<BR>那斯達克上漲 149.35 點或 1.11%，暫報 13552.75 點<BR>標普 500 指數上漲 40.66 點或 1.08%，暫報 3814.52 點<BR>費半上漲 41.68 點或 1.39%，暫報 3041.67 點<BR>台積電 ADR 上漲 2.24% 至每股 129.50 美元<BR>十年期美債殖利率上漲至 1.108%<BR>紐約輕原油上漲 2.73% 至每桶 55.01 美元<BR>布蘭特原油上漲 2.63% 至每桶 57.83 美元<BR>黃金下跌 1.36% 至每盎司 1838.50 美元<BR>美元指數上漲 0.14% 至 91.10 點焦點個股：GameStop(GME-US) 早盤下跌 52.40％，至 106.91 美元；AMC(AMC-US) 下跌 42.56％，至 7.46 美元；高斯電子 (KOSS-US) 下跌 24.86％，至 26.3 美元。近期備受散戶追捧的飆股周二 (2 日) 開盤大幅下挫。輝瑞 (PFE-US) 早盤下跌 2.49％，至 34.91 美元。輝瑞發布第 4 季營收年增 12%，至 116.8 億美元，優於預期，調整後 EPS 報 42 美元。該公司預計，今年將售出約 150 億劑新冠疫苗，全年營收介於 594 億至 614 億美元區間，並將調整後 EPS 預期自 3.0 至 3.1 美元，上調至 3.1 至 3.2 美元。阿里巴巴 (BABA-US) 早盤下跌 0.78％，至 262.63 美元。阿里巴巴第 4 季營收達人民幣 2210.8 億元，淨利報人民幣 592.1 億元，均高於去年同期和市場預期。阿里巴巴表示，螞蟻集團的前景和 IPO 計畫仍存在重大不確定性，目前無法準確掌握這些變化對於阿里巴巴集團的影響。每日關鍵經濟數據：無華爾街分析：Jefferies 策略師 Mohit Kumar 表示，在經濟復甦取得積極成效之際，寬鬆貨幣政策與財政刺激雙管齊下，可望為風險資產帶來好兆頭。儘管目前還不清楚散戶主導的軋空狂潮是否結束，Kumar 認為影響應該只是暫時。PineBridge Investments 投資經理 Hani Redha 表示，科技股財報業績門檻雖然較高，但總體來說，科技業仍展現非常可觀的收益。針對眾所矚目的美國疫情紓困法案，Redha 認為兩黨仍有希望達到共識，就算通過規模小於 1.9 兆美元紓困案，仍有望為市場帶來正面影響，這將為拜登任期通過更多紓困措施鋪平道路。原始發布時間： 2021年2月2日 下午10:54"
"《大陸產業》青海首富涉非法採礦 旗下藏格股價跌停","【時報-台北電】青海首富肖永明22日晚間傳出涉嫌非法採礦，已於1月29日遭刑事拘留強制措施。肖永明旗下上市公司藏格股價23日開盤即刻跌停，隨後短暫打開跌停板，但仍迅速封板，最終報人民幣（下同）8.89元，跌幅為5.02％，總市值177億元。肖永明早年靠開餐館起家，之後涉足鉀肥生意成為鉀肥大王。2016年公司上市後，他以265億元的身家名列胡潤百富榜第64名，但2019年肖永明家族財富已降至145億。陸媒報導，肖永明曾於2006年收購宏築物資全數股權，而宏築物資持有青海焦煤40％股權，收購交易使宏築物資成為青海焦煤的參股股東。宏築物資於2011年將青海焦煤股權轉讓給臻鵬熠霄實業發展公司。藏格22日公告表示，公司收得肖永明的家屬通知，指其涉嫌非法採礦罪，已於2021年1月29日被青海省公安廳採取刑事拘留強制措施，尚待公安機關進一步調查。因事件發生於2016年公司重大資產重組前，故未受到不利影響，生產經營一切正常。報導指出，這並不是藏格首次陷入風波，早先於2020年9月，藏格控股股東及實控人就曾涉嫌信息披露違法事項，遭證監會立案調查。外界普遍認為與肖永明所控制的藏格集團違規佔用上市公司資金有關。調查結果顯示，藏格定期報告虛假記載，且未披露2019年度業績預告等行為皆屬違規，深交所因此對藏格以及肖永明等相關當事人給予紀律處分。藏格擁有青海省察爾汗鹽湖鐵路以東礦區724平方公里的鉀鹽採礦權證，屬資源型鉀肥生產企業，年產2萬噸碳酸鋰。公司核心業務為氯化鉀的生產和銷售以及新能源項目。藏格2020年第三季財報顯示，公司於2020年1～9月實現營業收入11.86億元，年增2.28％，淨利潤約4,510萬元，年減87.19％。（新聞來源：工商時報─楊晴安／綜合報導）"
"《文創股》遭爆逃漏稅及資金缺口 VHQ-KY直逼跌停","【時報記者莊丙農台北報導】VHQ-KY(4803)今天遭媒體爆料在大陸捲入逃漏稅疑雲，且現金已不足應付1年內將到期的新台幣10億元債務，導致股價開低走低，盤中跌幅高達9.5％。VHQ-KY從2017年到2019年每年獲利都超過一個資本額，去年前3季爆虧8.81億元，每股虧損高達22.38元。今天有媒體報導指出，該公司現金與約當現金為1.1億元，但比起2019年第3季的3.6億餘元、第4季的2.6億餘元，公司現金逐年減少，連「非關係人應收帳款」的部分也同樣呈現減少趨勢，相當於「虧過於賺」，目前公司應收債款逾期金額超過17億元，備抵呆帳則超過9億元，公司的現金顯然已經不足以應付這些負債。同時，爆料內容也指出，公司在2016年起以境外公司「VHQ Media Holdings LT」、「VHQ POST（S）PTE LTD」」，在併購大陸企業及電影票房權益時，陸續以「陰陽合同」搭配境外付款手法，涉嫌逃漏高達7000萬元人民幣的稅款，也被北京稅務局盯上。"
"金麗科賣壓出籠 股價重挫跌停","（中央社記者張建中新竹2021年3月29日電）IC設計廠金麗科 (3228) 傳出接獲具中國軍方背景的中科曙光訂單，金麗科否認傳言，表示沒有任何軍方色彩客戶。金麗科今天遭逢市場賣壓出籠，股價重挫跌停。受惠客戶設計收入貢獻，金麗科營運順利好轉，去年總營收新台幣3.78億元，年增65.6%，並順利轉虧為盈，每股純益1.02元；今年前2月營收約1.2億元，年增151.64%，每股純益0.89元。媒體報導，隸屬於中國科學院的中科曙光，與中國人民解放軍有關，2019年被美國商務部列入制裁清單，傳言中科曙光轉向與金麗科合作，台灣政府已著手調查是否違反相關規定。金麗科28日公告澄清傳言，表示中科曙光並非客戶，金麗科也沒有任何軍方色彩客戶，且與中國飛騰並無合作事項。金麗科今天在市場賣壓出籠下，股價表現疲弱，重挫跌停，摜破500元關卡，達463.5元，跌51.5元，跌幅10%。"
"《營建股》台開被出具經營有重大疑慮 直鎖跌停",【時報記者郭鴻慧台北報導】台開(2841)財報被會計師出具「繼續經營有重大不確定性」的查核報告，今日股價跳空鎖在跌停板6.52元，開盤5分鐘左右，有近9000張的賣單想要扔出手上的燙手山芋！台開昨日公告去年財報，因被會計師出具「繼續經營有重大不確定性」的查核報告，下週三即將變更交易方式，將打入全額交割股。台開昨日也發布將在4月6日(下週二)召開記者會，說明有關公司109年年度財務報表及開發案等相關事宜。據會計師出具的查核報告指出，台開集團去年度的淨損失為18.32億元，且截至去年底止的流動比率為85.76%，流動資產中受託代辦工業區開發業務的代墊款計新台幣64.47億元，其回收期間長且占流動資產比例重大，而預計一年內應償還或展延之借款約100.1億元。公司管理當局雖已於財務報表附註提出營運及財務規畫，惟其短期資金流動性導致台開集團繼續經營能力存在不確定性。
"客戶天津飛騰遭美納實體清單 世芯早盤股價跌停","（中央社記者張建中新竹2021年4月9日電）美國商務部將天津飛騰信息技術公司列入實體清單，天津飛騰為IC設計服務廠世芯-KY (3661) 的客戶，世芯-KY受此衝擊，早盤股價重挫跌停。華盛頓郵報報導，天津飛騰利用美台技術發展超高音速武器。美國商務部8日以從事活動有悖於美國國家安全或外交政策為由，將天津飛騰等7家中國企業與機構列入實體清單。天津飛騰是世芯-KY的客戶，晶片是由台積電 (2330) 製造，引起市場高度關注。台積電對此表示，公司一向遵循所有法律規範，一定會按照出口管制規定執行。世芯-KY強調，所有商業行為皆符合相關法令及規定，亦要求客戶擔保並簽署服務或產品皆非軍事用途的協議。未來公司將持續秉持這一原則，合法合規進行所有商業行為。世芯-KY今天在市場賣壓出籠下，股價表現疲弱，開盤即重挫跌停，達新台幣812元。台積電股價並未受到衝擊，股價一度達618元，漲5元，市值增加1296億元，攀高至16.02兆元。"
"《台北股市》祥碩、世芯-KY跳空跌停 千金股受衝擊","【時報-台北電】千金股祥碩（5269）及一度攻上千金股世芯-KY（3661），今（9）日開盤直接跳空跌停，跌停價分別來到1,345元及812元，使得百元以上高價股今日整體表現疲弱，100～200元價位的個股相對抗跌。祥碩及世芯-KY今天明顯出現主力出貨的跡象，事實上近期以來，法人對這二檔個股以及多數高價股都出現偏空操作，肺隨著台股今日一早直接衝過萬七大關後，市場逢高賣壓出籠，首度挑戰萬七大關行情曇花一現。祥碩是台股第四高價股，世芯-KY日前也一度衝上千元價位，二檔千金股今日跌停對高價股形成不良示範，再加上股王大立光第一季財報不優，股價大跌，早盤一度回到3,010元，再度面臨3,000元整數關卡保衛戰，八檔千金股今天有六檔跌逾2％，且聯發科最低拉回至1,000元，再度展開千金保衛戰。（新聞來源：工商即時 呂淑美）"
"《大陸產業》首季預虧11億人幣 順豐控股跌停","【時報-台北電】大陸物流巨頭順豐8日晚公告，預計2021年第一季將虧損人民幣（下同）9億至11億元，與2020年第一季盈利9億元的狀況差別甚大。受此消息影響，順豐控股9日開盤直奔跌停鎖死，股價報72.72元。順豐控股公告稱，2020年的疫情一定程度上延緩了公司資本性開支投入節奏，而公司業務量增速迅猛，導致速運多環節出現產能瓶頸，從2020年第四季開始增加臨時資源投入以承接增量，在加大資本性開支投入下，短期影響2020年第四季與2021年第一季的成本。不過順豐控股強調，這段時間的支出投入即將獲得回報，預計在2021年第二季可進一步緩解產能瓶頸壓力，並在下半年開始釋放規模效益。(新聞來源：工商即時 楊日興)"
"《熱門族群》世芯-KY連3根照妖 多檔高貴股跌停","【時報-台北電】世芯-KY（3661）受到飛騰事件衝擊，股價連3根跌停，今（13）日跌停價來到658元，從年初的千金股跌了近35％，高本益比（PE）的「高貴」股面對投資人檢視，去年新上市飆股耀登（3138）及AES-KY（6781）雙雙摜殺跌停，還有多檔近來漲勢凌厲的飆股紛紛亮燈跌停。今天台股出現開高走低，下午近1點時指數幾乎殺到平盤，最後半小時翻黑，最低來到16802.22點，與早盤台股一度攻上萬七點大關，最高來到17041.37點，相差了239.15點，高價股跌停的不良示範，引起市場對高本益比股的居高思危心態。過去多日，台股常有一天上市櫃八、九十檔收漲停的榮景，但今天至午盤過後，漲停家數不到40家，跌停家數則明顯增加，世芯-KY及AES-KY都是600元級高價股，耀登從500元級掉到今天的300元級，同致、保瑞、享泰光等今天跌停股價也都是200元級的「高貴」股，近期的飆股南帝，從3月間的六、七十元最高飆上170元，今天亮燈跌停149.5元，皇龍跌停40.2元，是唯一一檔低於百元的跌停股。（新聞來源：工商即時 呂淑美）"
"《半導體》法說會難止血 世芯-KY爆量苦吞第4根跌停",【時報記者王逸芯台北報導】世芯-KY(3661)昨臨時舉辦法說會，針對飛騰遭美國商務部列實體名單，提出公司說明，世芯-KY強調，該事件預估將影響2021年營收25%，但仍預期2021年全年營收仍可望維持20%的年成長，法人認為，短線世芯-KY仍面臨大陸營收佔比仍高，短期內無法完全避免其他客戶同樣遭受制裁的潛在利空，且非大陸市場營收也難立即補上，營運仍有潛在風險，世芯-KY今開盤再度殺到跌停，苦吞第四根跌停，惟今日同步爆出大量，後續可觀察是否有機會打開跌停。飛騰為世芯-KY主要客戶之一，2020年佔世芯營收比重39%，目前飛騰的產品已經暫停出貨，世芯-KY正持續整體關於飛騰項目的相關文件，並委由律師檢視文件，並對其項目是否涉及美國EAR管控進行評估，如果有需要，也會協助取得美國BIS核准。假設世芯-KY自4月8日以後都沒有飛騰的貢獻，預估將影響2021年營收25%，在設計服務(NRE)部分，預計在3-4個月內，世芯從其他新客戶增加的營收將可相當程度彌補自飛騰失去之設計營收，但在量產收入部分，在未取得EAR或BIS核准之前，短期間飛騰的營收缺口較難由新客戶補上，原先世芯-KY預期2021年NRE收入將佔營收比重41~43%，若飛騰的量產收入減少，預期NRE收入將佔營收比重45%以上。世芯-KY認為，即便接下來都沒有飛騰貢獻營收，仍預期2021年全年營收仍可望維持20%的年成長，且北美客戶動能仍然強勁，預計將在第四季或2022年初正式進入量產階段。世芯-KY也看好全球ASIC市場仍將快速成長，預估黏附和成長8.2%，兩年內贏得超過35個以上的設計案，其中超過一半以上的業務來自非大陸地區，且有超過15個以上的新客戶，其中95%設計案為12奈米/7奈米/5奈米先進製程。法人分析指出，世芯此次法說會大幅下修2021年營收展望，市場對世芯的評價也將進一步修正，短線股價仍未完全反映此利空，中長期來看，AI及HPC需求仍將持續成長，產業趨勢仍然正向，但是世芯在大陸營收佔比仍高，未來仍無法完全避免其他客戶同樣遭受制裁的潛在利空，歐美地區營收佔比短期內也難快速拉升。
"世芯-KY喊話今年業績成長 股價摔第4根跌停","（中央社記者張建中新竹2021年04月14日電）世芯-KY (3661) 最大客戶飛騰遭美國列入實體清單，世芯-KY信心喊話，今年營收可望持續成長。法人認為，缺口短期恐難填補，今天股價出現第4根跌停。美國商務部8日以從事活動有悖於美國國家安全或外交政策為由，將飛騰等7家中國企業與機構列入實體清單。世芯-KY於13日舉行線上法人說明會說明事件對財務、業務影響及因應對策。世芯-KY指出，飛騰2020年貢獻約39%營收，若飛騰今年無法貢獻業績，估計將影響公司營收約25%。客戶委託設計（NRE）業務預期在3至4個月將有其他客戶填補缺口，全年整體業績仍可望維持成長趨勢。法人預期，世芯-KY短期難以填補飛騰減少的營收。在市場對未來營運前景疑慮未除，賣壓依然沉重下，世芯-KY今天股價持續重挫跌停，達新台幣593元，已連續4個交易日跌停，合計跌309元，跌幅34.25%。"
"《熱門族群》主力下車 上市櫃80檔盤中觸及跌停","【時報-台北電】世芯-KY第四根跌停，主力嚇壞，紛紛下車，尤其內資主導的櫃買市場，今（14）日跌勢更慘，盤中一度來到201.31點、大跌3.86％，盤中有高達51檔個股觸及跌停，另外，上市盤中也有29檔跌停，合計共80檔，與日前上市櫃合計八、九十檔漲停的榮景，形成強烈對比。上櫃指數今日一度險逼200點整數關卡，以昨日三大法人在集中市場賣超41.44億元，以及在櫃買市場賣超19.65億元來看，法人在櫃買市場賣超程度不亞於集中市場，許多中小型投機股近來已幾近是群魔亂舞的情況，隨著市場視為績優潛力股的世芯-KY重挫，讓市場主力縮手，造成不管是高價或低價的投機股全數跌倍、重挫。集中市場今天觸及跌停的重要代表股包括世芯-KY、AES-KY、天鈺、耀登、同致、大銀微系統、南帝、晶豪科、中揚光、新唐、飛宏、映泰等約29檔，以半導體股及IC設計股為主。另櫃買市場跌停的重要個股如精測、M31、金麗科、亨泰光、同致、撼訊、意德士、亞信、應廣、晶焱、驊訊、茂達、點序、九齊、先進光、廣錠等共51檔，以投機股居多，其中不乏許多公司沒有獲利。（新聞來源：工商即時 呂淑美）"
"世芯爆萬張大量 早盤苦吞第5根跌停","（中央社記者張建中新竹2021年4月15日電）世芯-KY (3661) 今天開盤持續重挫跌停，苦吞第5根跌停，隨著搶短買盤湧入，股價一度爆量打開跌停，只是隨後賣壓湧現，股價又打落跌停，成交量已超過1.3萬張。受最大客戶飛騰遭美國商務部列入實體清單衝擊，世芯-KY股價連日重挫，今天延續弱勢表現，開盤持續跳空跌停，達新台幣534元，連續5個交易日跌停。世芯-KY近5個交易日已大跌368元，跌幅超過4成，今天在搶短買盤大舉湧入下，早盤一度打開跌停，股價急拉18元，至552元，只是隨後賣壓湧現，世芯-KY股價又打落跌停，成交量已逾1.3萬張，為今年來新高。受惠產品量產增加，世芯-KY第1季營收與獲利同創歷史新高，季營收26.59億元，年增74.92%，稅後淨利3.88億元，年增122.79%，每股純益5.68元。法人憂心世芯-KY後續營運動能恐受飛騰遭列入實體清單事件影響。"
"《半導體》世芯-KY連5跌停 儲祥生：明天有機會打開",【時報記者王逸芯台北報導】世芯-KY(3661)儘管公布第一季營收、獲利同創新高，但今日依舊苦吞第五根跌停，世芯-KY今日開盤在短線買單湧進下，一度打開跌停，只是在跌停打開後，隨即遭賣壓摜壓，再度打落跌停，今日成交量已逾1.5萬張，對於世芯-KY這波重殺，華南永昌投顧董事長儲祥生認為，「明天有機會打開跌停」!世芯-KY連日來受到飛騰事件影響，公司透過法說、公布季報等積極穩定市場信心，但截至今日已經吞下第五根跌停，股價只剩下534元，距離3月高點996元，已經快要接近腰斬。世芯為挽救股價，公布首季財報，受惠量產增加，首季營收26.59億元，年增加達74.92%，稅後淨利為3.88億元、年增加122.79%，單季每股賺5.68元，營收、獲利同創歷史新高。世芯-KY也指出，由於本季飛騰預定出貨量低，預估第二季度的前景強勁，且持續向大陸的第二大客戶發貨，其他客戶的項目也有許多正在進行的計畫。世芯-KY因大客戶飛騰遭美國列入實體名單，股價遭瘋狂砍殺，近日也衝擊漲多的IC設計歷經一波修正，華南永昌投顧董事長儲祥生認為，「明天有機會打開跌停」，他進一步說，世芯-KY先前因為沒有量，但投信、融資等持有水位高，故被迫要砍，今天已經有量出來了，對於跌停打開較有利。談到近期因為世芯-KY事件，被強勢修正的IC族群，儲祥生表示，對於本益比已經被拉高的個股，進行適度的修正，其實不是壞事，而且可以看到今日IC設計族群已經普遍回溫，包括敦泰(2454)、聯詠(3034)等均有不錯表現，顯示族群已經慢慢回歸正常。
"《各報要聞》IC設計股各走各的路 世芯-KY再吞第五根跌停","【時報-台北電】飛騰事件受害股世芯-KY(3661)15日早盤打開跌停板534元價位，一度攻堅至552元，解決個股流通性風險，但在賣壓持續湧入下，終場仍苦吞第五根跌停板。惟其他IC設計股已擺脫陰霾，包括創意、敦泰等個股重振雄風、走出自己的路。包括創意、敦泰、九暘、海德威、迅杰、類比科、世紀、驊訊、笙泉、茂達、研通、晶宏、聯傑、信驊、聯陽等15檔IC設計股，股價回神，重新發動攻勢，漲幅在6％以上。值得注意的是，同為IC設計業的天鈺15日自結3月每股純益高達2.25元，法人預估，IC設計股第一季財報可望繳出亮眼成績單，世芯-KY事件將使IC設計股走勢分道揚鑣，缺貨題材概念股強者恆強趨勢不變。世芯-KY公布3月自結稅後純益1.4億元，年增85.7％，每股純益2.05元；首季每股純益達5.68元，改寫單季新高。世芯-KY股價早盤一度打開跌停，但隨即遭賣單摜壓，鎖在跌停板價534元至終場，成交量逾1.5萬張，股價距2月高點千元，已接近腰斬，世芯-KY是投信重倉股，15日投信賣超2,838張，庫存已降至5,929張。國泰證期資深經理蔡明翰分析，世芯雖對市場信心稍有影響，但無論從產業規模或股票市值來觀察，對整體產業影響有限，而台積電法說會中，各項財報指標亮眼，若能引導外資回籠，整體半導體族群有望再次轉為強勢。(新聞來源：工商時報─李娟萍／台北報導)"
"世芯-KY連5日跌停 早盤一度翻紅","（中央社記者張建中新竹2021年4月16日電）世芯-KY (3661) 在連續5個交易日重挫跌停後，今天開盤未再跌停，隨著搶短買盤湧入，股價開低走高，一度由黑翻紅。世芯-KY最大客戶飛騰遭美國商務部列入實體清單，衝擊股價連日重挫，15日開盤持續跳空跌停，達新台幣534元，連續5個交易日跌停，共跌新台幣368元，跌幅超過4成。在搶短買盤大舉湧入下，世芯-KY 15日股價一度打開跌停，只是隨後賣壓湧現，股價又打落跌停，並以跌停作收，成交量逾1.5萬張。世芯-KY在賣壓暫時獲得紓解後，今天股價雖持續開低，達515元，跌19元，不過未再跌停。隨著搶短買盤湧入，世芯-KY股價翻揚，一度由黑翻紅達549元，漲15元。法人表示，飛騰2020年貢獻世芯-KY高達39%營收，世芯-KY因飛騰遭列入實體清單短缺的量產業績，短期難以填補，後續營運成長動能恐受到影響。"
"《半導體》列處置分盤交易 世芯-KY終結跌停",【時報記者王逸芯台北報導】世芯-KY(3661)在連續吞下5根跌停後，今日終於打開，隨著搶短買盤湧入，股價開低走高，盤中更是一度翻紅，12:30過後，成交量已經逾6800張，且因世芯-KY現階段採取分盤交易，故整體量能表現相較昨日明顯收斂。飛騰占世芯-KY的2020年營收約為39%，若2021年沒有飛騰營收的挹注，其對營收目標影響約為25%，但世芯-KY對2021的成長皆抱持正向看法，看好營運仍將持續正向成長。世芯-KY推估，自4月8日以後若都沒有飛騰的貢獻，預估將影響2021年營收25%，在設計服務(NRE)部分，預計在3-4個月內，世芯可從其他新客戶增加的營收將可相當程度彌補自飛騰失去之設計營收，但在量產收入部分，在未取得EAR或BIS核准之前，短期間飛騰的營收缺口較難由新客戶補上，原先世芯-KY預期2021年NRE收入將佔營收比重41-43%，若飛騰的量產收入減少，預期NRE收入將佔營收比重45%以上。中長期來看，AI(人工智慧)及HPC(歌速傳輸)需求仍將持續成長，產業趨勢仍然正向，但是世芯-KY在大陸市場的營收佔比仍高，未來仍無法完全避免其他客戶同樣遭受制裁的潛在利空，歐美地區營收佔比短期內也難快速拉升，仍為潛在風險。
"比特幣價格一度重挫15% 概念股撼訊、麗臺跌停","（中央社記者吳家豪台北2021年4月19日電）全球市值最大加密貨幣比特幣的價格幾天前才刷下歷史新高，18日卻一度大跌15%，創下7週多以來盤中最大跌幅。台股比特幣概念股撼訊 (6150) 、麗臺 (2465) 今天跳空跌停，來到219元、49.95元。顯示卡廠青雲 (5386) 今天盤中重挫逾7%，最低來到67元。板卡廠技嘉 (2376) 、微星 (2377) 同步受到利空消息衝擊，今天盤中股價分別大跌超過6%、5%，低點下探107元、169元。比特幣上週衝上史上最高價6萬4869.78美元（約新台幣183萬元），時機趕在14日加密貨幣交易所Coinbase Global在美國那斯達克股票市場掛牌前。不過，根據彭博（Bloomberg News）報導，18日比特幣價格一度出現15.1%跌幅，來到5萬1707.51美元。數則網路報導將比特幣價格重挫歸因於市場揣測，美國財政部可能將採取行動來打擊利用數位資產進行洗錢。"
"《通信網路》耀登再鎖跌停 7天股價砍半",【時報記者郭鴻慧台北報導】網通股耀登(3138)近日股價跌跌不休，公司出面喊話表示，股價波動莫恐慌，並強調以目前的市場趨勢來看，公司整體營運動能相當樂觀，未來營運目標也將朝第一季的成長幅度邁進。今日仍是鎖在跌停板214元，至11:00，賣單有2200餘張排隊等著要賣，短短7個交易日，股價由410元跌至今日214元，跌幅逼近5成。從目前市場發展現況顯示，5G所構建的數位生態，將透過Ai、大數據、區塊鏈等形式，從交通、教育、金融、通訊改變所有人的生活模式。根據全球知名研究機構IHS表示，2020-2035年全球5G產業鏈投資高達4兆美元，其所帶來的全球產業應用更將高達12兆美元。此外，根據統計，去年全球5G手機約有1.5億隻，但隨著各國5G建置漸上軌道，預估今年全球可達4.5億隻，市場規模相當可觀。耀登進一步表示，今年第一季營收成長主要原因來自於市場趨勢帶動所致；營收佔比部分，天線約佔33%、儀器設備代理42%、測試認證服務25%。天線部分，今年耀登車載產品大舉進軍汽車市場，擴大公司產品通路；儀器設備代理銷售以及電子產品測試認證服務，也都因為全球5G基礎設施積極建置，帶動整體業績成長。耀登強調公司一直以來專注本業經營，亦希望透過多元產品組合，持續帶來更理想的獲利。
"世芯-KY終於跌停打開 三大面向解讀高價股風暴","作者: 劉志明、劉軒彤根據《財訊》報導，受到美國制裁7個與中國超級電腦研發計劃有關的飛騰事件影響，風暴中心世芯-KY(3661)股價連續重挫五根跌停板後，4月16日終於不再跌停板，收在520元價位，從今年最高價千元計算，股價幾乎腰斬，而其他高價股則止穩甚至回升。法人認為，世芯-KY不再跌停，有幾個層面的意義值得深思。第一，高價股多殺多的危機暫時解除。由於高價股多半是科技股，攸關科技股的比價效應，因此接下來法人會觀察第一季季報的表現，進而重新進行科技股本益比的評價調整。第二，從4月9日世芯-KY第一根跌停板迄至4月16日，國內投信與外資合計賣超這檔股票超過40億元，而這些撤出的資金，明顯轉向傳產股，中鋼更是投信買超金額第一名。（見下圖）第三、世芯-KY為國內重要IC設計IP股，牽動IC設計族群後勢。因為飛騰事件，國內高價股與IC設計股，四月中旬股價都受到明顯牽連，但在世芯不再跌停之後，開始走出自己的路，股價也反彈。根據《財訊》報導，世芯為自救股價，公布3月自結稅後純益1.4億元，年增85.7％，每股純益2.05元，第一季EPS達5.68元，改寫單季新高，如果沒有飛騰事件，公司今年EPS可能挑戰25元沒問題，而在獲利高成長的夢想下，股價千元本來有基本面支持，但在飛騰事件之後，將豬羊變色，因為可能影響公司獲利達3到4成，讓國內投信基金持股比例，本周從10%大幅下修到5%左右，但一家獲利蘊藏大衰退風險的公司，仍得面對法人的停損賣壓的疑慮，未來股價反彈力道將受質疑。IC設計股今年的挑戰與機會值得注意的是，IC設計股財報利多不漲時，就要特別小心。尤其美國與中國科技戰、貿易戰態勢明確，已經沒有模糊空間，因此台灣相關IC設計公司，受惠中國業者轉單的，未來都可能面臨這樣的風險，四月起，法人將避開有這樣疑慮的公司，這些IC設計公司，今年第一季財報相對亮眼，在財報利多公告，股價不漲反跌時，投資人就得特別小心。不過，面板驅動IC如聯詠等，今年因為東京奧運舉行，沒開放國外遊客參觀賽事，全球體育喜好者有購買高畫質電視欣賞體育賽事的龐大需求，因此在東京奧運舉辦前，股價仍有創高機會。還有汽車電子相關元件的原相，筆電與視訊會相關的IC公司，如類比科、驊訊、聯陽、茂達，都偏向汽車與消費電子領域，並非高階半導體技術輸出，未來受世芯事件影響有限，反彈力道就會轉強。…（本文由「財訊雙週刊」授權轉載，未經同意禁止轉載。）更多財訊文章：鋼鐵業為何變得活跳跳？中鋼董座分析三大因素撐起產業基本面【獨家】台股第3大外資股東 持續看好台積電的兩大理由"
財報、Q2展望不如預期，穩懋股價一度打落跌停，拖累三五族全面走弱,"【財訊快報／記者張家瑋報導】砷化鎵代工廠穩懋(3105)上週公布財報不如外界預期，每股稅後淨利2.72元，低於法人圈預期3元以上，早盤跳空跌停開出，隨後跌勢收斂，拖累三五族宏捷科(8086)、漢磊(3707)等股價走勢。法人表示，穩懋上半年營運低潮期，下半年營運可望受惠於5G需求訂單及擴產效應發酵，第三季營運將明顯回升。 穩懋第一季受產品組合、產能利用率下滑、增加員工獎金影響，使每股稅後淨利僅2.72元，低於法人圈預估2.9至3.2元，且第二季展望也低於市場預期，營收較前一季增加low-Single digit百分比（低個位數）；毛利率預計在low-thirties水準（約30%到35%）。法人指出，主要受5G基地台拉貨動能不如預期，手機因手機晶片出貨不足遞延出貨拖累，客戶端拉貨動能不足所致。法人表示，上半年雖受客戶結構性調整，營運動能減弱，但應為全年最低點，下半年美系客戶手機5G PA需求強勁，5G PA出貨將大幅增加，另外，WiFi相關拉貨動能強勁，第二季至下半年持續成長，預估2021全年PA需求量可望成長15%以上，加上產能晶圓C廠及高雄廠擴增產能，可望帶動下半年及明年營運重回成長軌道。穩懋表示，目前在晶圓C廠正進行無塵室擴建及機台購置，高雄廠區在今年年中開始動工興建，約2至3年完工，主要因應未來無線通訊、光感應等資料傳輸市場需求。預估下半年產能由每月3.6萬片擴增至4.1萬片，可因應未來訂單需求。<BR>"
"《台北股市》台股狂挫逾500點 盤中200多檔跌停","【時報-台北電】台股多殺多，市場賣盤湧現，指數一波還比一波低，至約10點40分過後最低來到16,647點、大跌575點，12天的萬七行情宣告結束，1,700多檔上市櫃個股中，盤中有超過200檔跌停，惟隨著指數急殺後，隨即可能是來自於政策護盤買盤進場點火，指數跌幅小幅收斂，但近11點時仍重挫440多，成交值已接近4,500億元，12點大盤下跌274.92點，報16,947.43點，成交金額逾5,500億元，市場推估今天量能更高達7,900億元。五月賣股魔咒威力不小，美股四大指數3日雖漲跌互見，亞股雖多下跌，但唯有台股逆勢重挫，5月開盤二個交易日，以今天最低點來算，就跌掉了919點，投資人多殺多、停賠認賠出場、融資斷頭等賣壓傾巢而出。台股今天盤面跌停股多以中小型股居多，以台灣50成分股來說，只有中鋼盤中觸及跌停34.7元，中型100成分股中，則有愛普、健策、萬海、陽明、長榮、裕民、大成鋼、台玻、友達、華新、群創、華航、聯合再生等跌停，主要聚焦在近來飆股的航運、鋼鐵、面板、玻璃、電纜等族群。（新聞來源：工商即時 呂淑美）"
"《半導體》Q1毛利率有壓 立積吞2根跌停、暫不祭庫藏股","【時報記者王逸芯台北報導】立積(4968)今日舉辦法人說明會，首季每股獲利4.06元，毛利率33%相較去年第四季下滑，也低於公司全年的目標設定35%，主要為產品組合和產能受限下仍要設法增產，立積強調，目前需求還是大於供給，對於長線要成為全球第二大廠商的目標沒變，只是受限產能以及整個拉貨周期拉長，對下半年能見度是相對的比較保守，另外，立積連兩天苦吞跌停，目前公司尚無庫藏股計畫。立積第一季合併營收為17.41億元，季增加6.2%，年增加110%，一口氣相較去年同期增加1.1倍，單季獲利為2.56億元，年增加4.94倍，為史上第三高，但低於去年第三季與第四季的歷史次高和最高表現，單季每股獲利4.06元，相較去年第四季5.26元明顯減少，單季毛利率為33%，季減少約4個百分點、年增加3個百點。副總經理黃智杰表示，首季毛利率未達公司平均目標35%，主要有產品組合和產能問題，首先，因為客戶端考量，立積首季有增加低毛利的開關產品，再者，在產能有限下，立積仍要設法增產，加上還有大陸平台的調整，導致效率未能完整的展現出效能，但就長線目標，立積發展首要方向還是增加市占率，2023年要成為全球第二大廠商的目標沒變，也就是約35%的市占率，全球市占才是立積的第一要務，立積目前全球市占率約20%。半導體產能緊張，黃智杰表示，立積目前WiFi SoC的交期拉長，今年初約26周，2月後已經延長到52周。至於是否針對產品漲價，他表示，目前產品售價不會調整，立積價格的調整將取決於競爭者的定價，立積也不會透過漲價來拉升毛利率。黃智杰表示，目前依舊需求還是大於供給，今年對下半年能見度是相對的比較保守，整體高階CMOS的製程還是很缺。立積今年的產能其實在去年就已經規劃好，「該拿到的都有拿到」，針對明年對產能看法是積極，但還是要到明年第三季才會有比較強的信心度去做這計劃。針對WIFI 6E計畫，立積預計第二季開始推廣，今年第四季一定會有出貨，現階段認為WIFI 6E與WIFI6有50%的價差。另外，立積近兩個交易日股價重挫，黃智杰表示，目前尚無庫藏股計畫。"
"《大陸產業》涉鄭爽陰陽合同 北京文化跌停","【時報-台北電】被爆出與大陸女星鄭爽簽訂陰陽合同，進而爆發財務造假，又被股東中國華力控股集團拍賣逾千萬股的北京文化，轉成「ST」股（有被下市風險股票）後復牌首日（6日），開盤隨即湧入39萬手賣單，股價直接跌停鎖死，報人民幣（下同）5.2元。綜合陸媒報導，北京文化過去擁有「爆款」電影製造機的美名，之前推出的「戰狼2」、「我不是藥神」、「流浪地球」等電影，均擁有超高票房。但北京文化近期爆出一連串負面新聞，包括捲入鄭爽涉及1.6億元陰陽合同、財務造假、巨額虧損，及遭股東華力控股拍賣966.7萬股股票等。4月初，鄭爽捲入感情糾紛，被前男友張恒爆料在2019年與電影「倩女幽魂」製片方、北京文化的全資子公司世紀夥伴簽署陰陽合同。同樣在2019年，世紀夥伴經營狀況急轉直下，導致北京文化當年巨虧23億元。北京文化當時將虧損主因歸為子公司「世紀夥伴和星河文化業績下滑」，並決定對世紀夥伴進行13.7億～14.7億元的商譽減值準備。隔一年，北京文化以4,800萬元的低價將世紀夥伴轉售，導致巨額商譽減值。北京文化兩年巨虧31億元。更糟的是，就在轉讓當天，世紀夥伴董事長婁曉曦實名舉報北京文化系統性財務造假，利用「倩女幽魂」等項目助力未完成業績的子公司，通過電視劇進行利益輸送。2021年1月4日，北京文化遭立案調查。北京證監局的警示函顯示，「倩女幽魂」項目涉及違規確認收入。4月29日，北京文化公告，公司股票將於30日停牌一天，6日復牌後將被實施「其他風險警示」處理，股票簡稱由北京文化變更成為「ST北文」。5月1日，投資者在資產處置平台阿里拍賣發現，966.7萬股北京文化股票擬於5月17日～18日進行網拍，起拍價5,316.83萬元（以4月15日收盤價5.5元計算），但截至發稿前，無人出價。（新聞來源：工商時報─記者賴瑩綺／綜合報導）"
"《光電股》Q1每股虧0.37元 凌巨跌停","【時報-台北電】凌巨科技（8105）公佈2021年第一季合併財報數據，營收淨額為21.95億元，較上季增加7.8％；營業毛利為1.05億元，毛利率為4.8％，營業淨損為9,387萬元，稅後淨損為1.63億元，每股虧損為0.37元，每股淨值為15.61元。受到大盤重挫拖累，凌巨早盤大跌至跌停價，盤中均價約12.74元。（新聞來源：工商即時 袁顥庭）"
"《台北股市》疫情告急 逾百檔跌停","【時報-台北電】台股遭遇本土疫情急速升溫衝擊，加權指數盤中跌逾千點，各類股不分強弱全數下挫，中午前上市預估全日量能超過9,000億元，半導體指標台積電（2330）、聯發科（2454）等重挫，非科技指標海運三雄全遭打落跌停，台股面臨史上最大跌點考驗。受台股亦情升溫影響，外資11日已大舉賣超424億元，法人推估，以12日盤勢看來，外資勢必加大賣超力道，盤中跌停家數逾百家，這是新冠肺炎疫情爆發以來，台股遭到最重擊一次。遭打落跌停人氣個股包括：新纖、聯成、台聚、南紡、華紙、中鋼、新光鋼、大成鋼、中鴻、台船、精英、友達、長榮、陽明、萬海、長榮航、晶豪科、群創、彩晶、威剛等，可以發現，先前漲勢凌厲的漲價與通膨概念股面臨極大賣壓；此外，權值股的台積電、聯電、聯發科、台塑四寶、水泥雙雄等，無一倖免。（新聞來源：工商即時 簡威瑟）"
"《台北股市》史上最快失速列車 盤中711檔跌停","【時報-台北電】台股加權指數在最近9個交易日，從最高到最低點，跌了2,544點，創下史上最快速的失速列車紀錄；12日台股盤中急挫1,418點，市場衰鴻遍野，據統計，盤中最多曾有711檔個股觸及跌停、占上市櫃的四成比重，最後仍有251檔收跌停，其中，陽明等15檔股價亮燈跌停，仍有7千張以上賣單高掛，貨櫃三雄均入榜。據統計12日收盤亮燈跌停的251檔上市櫃股中，陽明、長榮、彩晶、中鴻、長榮航、燁輝、華航、台玻、南紡、大成鋼、聚亨、華新、大亞、華紙、萬海等15檔，除了彩晶為面板股，屬於電子族群外，其餘14檔都是傳產股，且集中在貨櫃三雄、航空雙雄，以及鋼鐵股、電線電纜股、造紙股、玻璃股、紡織股等，也都是近來台股飆股指標。受到本土確診案例單日飆高，引起市場恐慌賣壓殺出，12日集中市場融資再減肥近130億元，連續三日近兩百億元融資退場。台股漲跌幅自104年6月1日起，由7％放寬為10％，台股12日盤中大跌1,418點、跌幅一度達到8.55％，創下史上盤中單日最大跌幅。最後加權指數收在15,902點大跌680點、跌幅4.11％，櫃買指數跌勢稍小，盤中最深跌幅約6.76％，最後收跌4.09％。盤中個股有如染疫般一一跳空、跌停，上市櫃盤中各有約423檔及289檔觸及跌停，合計達711檔，約占上市櫃家數的4成。宏遠投顧副總陳國清指出，台股漲多回跌本來就很正常，而以疫情的意外利空急殺一次殺到底，也不見得是壞事；目前疫情並未改變台股基本面，不理性大跌，可能是提供另一次投資好機會，融資因而大減對盤勢有利；由於12日仍有許多個股跌停未打開，今日早盤仍有可能會下跌及面臨融資斷頭壓力，但跌幅應會縮小。陳國清表示，此時的選股方向，第一種可選護盤股，如台積電及聯發科等；第二種是選本波基本面最強勢的股票，如貨櫃航運股，透過急跌洗盤；第三種則是選股價跌很深、基本面獲利大好且本益比很低的股票，如面板股及驅動IC股，若籌碼洗乾淨了、變輕了，未來反彈力道會很強。（新聞來源：工商時報─記者呂淑美／台北報導）"
涉嫌壟斷被調查，中國插座龍頭公牛集團盤初一度逼近跌停,"【財訊快報／陳孟朔】中國插座龍頭企業--公牛集團(滬股代嗎603195)股價週四早盤一度大跌9.69%逼近跌停，因涉嫌壟斷被調查。台北時間09：55，公牛集團最新報價為人民幣179.78元(下同)，繼上日跌2.33%後，再跌5.6%，日低在172元。 公牛集團週三晚間公布，收到浙江省市場監督管理局發函，決定對集團涉嫌與交易相對人達成並實施壟斷協議行為進行立案調查。對此，公牛集團表示，將根據相關法律的規定，積極配合反壟斷案件調查工作，目前生產經營一切正常。 公牛集團2020年實現營業收入100.51億元，年增0.11%，實現歸屬於上市公司股東的淨利潤23.13億元，年增0.42%。"
"《熱門族群》鋼鐵、航運賣盤大逃殺 多檔摜殺跌停","【時報-台北電】近來紅透半邊天的鋼鐵人、航海王，隨著股價拉回，出現漲多獲利回吐或融資斷頭壓力出籠，尤其法人多偏向賣超，造成今（14）日一早股價拉高後，隨即摜殺翻黑，甚至鋼鐵股的聚亨（2022）、中鴻（2014）、燁興（2007）、燁輝（2023）及盛餘（2029）等，以及航運股的四維航（5608）、新興（2605）及台航（2617）等，盤中均出現跌停價。鋼鐵類股指數及航運類股指數今日依然是盤面殺盤重心，傳產慘兮兮，造紙、鋼鐵、航運、玻陶，至10點半過後，指數各下跌逾4％以上，多檔個股不是跌停就是重挫，航運股的貨櫃三雄也從早盤的上漲回落至重挫，長榮更一度摔入跌停價，陽明及萬海也出現約半根上下的跌停；鋼鐵股龍頭指標股，中鋼今天雖有6月盤價續漲的利多助陣，但仍不敵外資賣壓持續大舉出籠。（新聞來源：工商即時 呂淑美）"
"《熱門族群》航海王遇逆風 多檔再觸跌停",【時報記者莊丙農台北報導】航運股人氣頓失，貨櫃三雄領跌，散裝航運無可避免，包括長榮(2603)、新興(2605)、裕民(2606)、台航(2617)、四維航(5608)都出現跌停價位。台股受疫情影響，盤勢不穩，航運股籌碼鬆動，人捧人變成人踩人，股價快速修正，長榮融資昨天下降2萬多張，連續三天累計下降將近5萬張，陽明昨天下降5000多張，連續三天下降2萬3000多張，這些航運龍頭股短線跌幅3成，近期都有融資追繳壓力，使得整個族群顯得賣壓相對沈重。陽明12日公告首季財報，每股盈餘7.49元，在貨櫃三雄當中居冠。而近期SCFI運價維持高檔，目前塞港尚未緩解，截至5月10日洛杉磯港口仍有19艘船等待靠港，加上NRF預估美國零售進口貨櫃量維持10年新高水準至8月，運價有望維持高檔至第3季，顯示基本面依舊強勁。但法人也提醒，第3季隨著港口作業效率提升，後勤作業逐漸改善下，運價是否持續大漲，必須再進一步觀察。
"美農產運輸河道大塞船！出口恐受阻 玉米期貨跌停","MoneyDJ新聞 2021-05-14 11:30:37 記者 陳苓 報導美國農產品出口的運輸要道---密西西比河，有橋樑出現裂縫，河道暫時停止通行，目前已經有700多艘駁船交通受阻。市場憂慮可能會影響出口，13日美國玉米期貨價格暴跌。Splash、S&P Global Platts報導，阿肯色州交通運輸部在例行檢查時發現，密西西比河的一座橋樑有嚴重裂縫，被迫暫時關閉。橫跨阿肯色州和田納西州的40號洲際公路密西西比河大橋上、接近中央部份的鋼製支撐樑有裂縫。 美國海岸防衛隊(Coast Guard)對密西西比河的水運交通發出限制令，表示要看阿肯色州交通運輸部的檢查結果，決定河道的重啟時間。週四(13日)上午為止，已經有44艘大型船隻和709艘駁船受困河上。阿肯色州交通運輸部首席工程師Paul Degges說，檢查團隊要確定橋樑能支撐自身重量和工程團隊的重量後，才會恢復橋下的船運，此一程序可能得花上好幾天時間。密西西比河是美國農產品出口的重要航道，如果長期塞船，可能會干擾穀物、玉米、黃豆的出口。彭博社報導，密西西比河是美國農產品的出口要道，駁船載著黃豆和穀物，航向美國南部墨西哥灣的碼頭。另外，原油和進口鋼鐵，也由此一水路運入美國本土。13日芝加哥商業交易所(CME)的玉米期貨跌停，部份原因就是市場揣測出口將大塞車。 StoneX資深風險管理顧問Colin Hulse說：「(密西西比河)是中西部出口市場的咽喉，對玉米和豆子來都是如此。堵塞時間長短很重要，要是無法迅速恢復，會是大問題。要是(堵塞)長期耽誤或限制運輸，也可能是大問題」。13日芝加哥期貨交易所(CBOT)的7月玉米期貨收盤吃下跌停、重挫5.6%，至每英斗6.7475美元。7月黃豆下跌3.6%、至每英斗15.84美元。＊編者按：本文僅供參考之用，並不構成要約、招攬或邀請、誘使、任何不論種類或形式之申述或訂立任何建議及推薦，讀者務請運用個人獨立思考能力，自行作出投資決定，如因相關建議招致損失，概與《精實財經媒體》、編者及作者無涉。<BR>資料來源-MoneyDJ理財網"
唐山市要求鋼廠維持市場秩序，大連鐵礦砂期貨價格盤中跌停,"【財訊快報／劉敏夫】外電報導指出，週五鐵礦砂期貨價格下跌，因為中國最大的鋼鐵重鎮加大了對價格大漲的控制力道。 大連鐵礦砂期貨價格盤中跌停。同時，新加坡當地時間下午1:37，新加坡鐵礦砂期貨價格下跌8.7%，至每噸192.55美元，因市場對漲勢的可持續性表示擔憂。唐山市要求鋼廠不得捏造、散布漲價信息。先前中國國務院總理李克強本週表示，要求有效因應大宗商品價格過快上漲及其連帶影響。"
"《光電股》營運暫無影響 大立光穩住腳步、玉晶光跌停","【時報-台北電】國內新冠肺炎疫情大爆發，上市櫃公司也陸續傳出員工確診的消息，大立光（3008）也在15日證實有員工確診，大立光表示，公司確實有一位員工確診，目前與該確診者接觸人員已進行隔離措施，公司除在內部擴大消毒因應，並持續拉高防疫層級，今天上班維持既有量測體溫等防疫工作，並暫停外賓拜訪，截至目前為止，該確診人員對公司營運暫無影響。在營運未受影響下，大立光雖然早盤仍以2710元的低盤開出，跌幅達4.91％，但隨即在逢低買盤介入下，盤中一度翻紅，站上2900元，終場亦以平盤2850元作收，相較於台股重挫473.2點，跌幅2.99％以及光學股后玉晶光以跌停板的369元作收，表現相對強勢。（新聞來源：工商即時 鄭淑芳）"
"《熱門族群》光學股兩樣情… 大立光止穩、玉晶光跌停","【時報-台北電】國內新冠肺炎疫情大爆發，上市櫃公司也陸續傳出員工確診的消息，連大立光（3008）也在15日證實確有員工確診，不過因初步判定對公司營運暫無影響，大立光股價先跌後漲並成功守住平盤，與玉晶光（3406）的跌停形成兩樣情。大立光員工驚傳確診，但在營運未受影響下，早盤大立光因恐慌性賣盤湧出，以2,710元的低盤開出，跌幅達4.91％，但隨即在逢低買盤介入下，盤中還一度翻紅，站上2,900元，終場亦以平盤2,850元作收，相較於台股重挫473.2點，跌幅2.99％以及光學股后玉晶光以跌停板的369元作收，表現相對強勢。針對員工確診一事，大立光表示，公司確實有一名員工確診，目前與該確診者接觸人員已進行隔離措施，公司除在內部擴大消毒因應，並持續拉高防疫層級，今天上班維持既有量測體溫等防疫工作，並暫停外賓拜訪，截至目前為止，該確診人員對公司營運暫無重大影響。展望第二季，法人指出，iPhone12 系列機種生命周期進入尾聲影響，相關鏡頭在第二季的出貨量出現明顯下滑，Android陣營的手機出貨又多以中、低階機種為主，難以抵銷iPhone鏡頭出貨衰退，再加上缺少華為旗艦機種高階鏡頭的拉貨挹注，大立光第二季營收恐將來到全年的谷底，只能勉強守住百億關卡，季減幅度也將同步放大至逾一成。法人強調，因為之前大立光在法說會中已先行示警，透露「目前看來4月動能比3月差，5月也不好」的訊息，市場對大立光第二季營運走弱早就心中有底，再加上市場看好大立光iPhone12s 鏡頭有望於今年7、8月間出貨，而帶動營收走高，因此昨日大立光股價因疫情殺低，來到2,710元、直逼前低2,610元後，即有看好大立光下半年表現的逢低買盤進場，助力大立光股價順利穩住陣腳。（新聞來源：工商時報─記者鄭淑芳／台北報導）"
中國生豬價跌，肉品販售巨擘牧原股份早盤一度打入跌停,【財訊快報／陳孟朔】中國國家統計局數據顯示，據對全國流通領域9大類50種重要生產資料市場價格的監測顯示，2021年5月中旬與5月上旬相比，33種產品價格上漲，13種下降，4種持平。生豬本期價格每千克人民幣18.5元(下同)，旬比明顯下跌8%，中國肉品販售巨擘牧原股份(股票代碼002714)股價週一一度下殺觸及跌停至89.04元的日低暨1月29日以來最低，早盤收在89.36元，雖打開跌停，但仍重挫9.67%，是A50成份股最大魯蛇。<BR>
"高端疫苗訂單到手股價反跌停 拖累生技股走弱","（中央社記者韓婷婷台北2021年5月31日電）國內疫情嚴峻，疫苗需求迫在眉睫，雖然高端 (6547) 30日公告獲得政府採購訂單，但股價漲幅已高，今天開平重摔跌停，利多出盡意味濃厚，拖累相關供應鏈及生技類股走弱。防疫相關類股近來在台灣本土疫情升溫下，漲勢相對凌厲，其中尤以疫苗股高端領軍，在5月17日疫情最恐慌的當天，高端股價衝上417元歷史新高價，今年以來漲幅超過3倍。今天在利多下開平走低，摜殺至跌停價350.5元，跌停委賣高掛逾3900張。疫情指揮中心發言人莊人祥30日證實，衛福部疾管署已在28日與高端、聯亞簽約，向這兩家國產疫苗廠各採購500萬劑疫苗，含開口合約在內，最多各採購1000萬劑。國產疫苗廠高端 (6547) 及聯亞生雖然獲得政府訂單支持，但今天股價反應呈現利多出盡的疑慮，拖累包括基亞 (3176) 、台康生 (6589) 、台耀 (4746) 、東洋 (4105) 等相關供應鏈走弱。生技類股成為今天盤面最弱勢類股，上市生技指數下跌1.59%，上櫃生技指數下跌2.58%。有血氧計、吸呼器題材的雃博 (4106) 、優盛 (4121) 則續強，雙雙亮燈漲停；今天下午要舉行法人說明會的中裕 (4147) 漲幅也超過4%。"
"高端疫苗爭議聲浪大 股價重挫吞第2根跌停","（中央社記者韓婷婷台北2021年06月1日電）政府採購尚未二期解盲的國產疫苗，引發爭議，高端疫苗 (6547) 今天直接以跌停價315.5元開出，摔出第2根跌停板，跌停委賣張數高掛超過1.6萬張，連帶拖累生技族群表現疲軟。日前衛福部採購尚未二期解盲的國產疫苗，尚未進入第三期臨床實驗，就準備申請台灣緊急使用授權（EUA），備受爭議。儘管高端是國產疫苗研發進度最快的，同樣在二期臨床尚未解盲即接獲政府500萬劑COVID-19疫苗訂單合約，也一度引發高端疫苗臨床試驗主持人、台大感染科醫師謝思民疑慮。高端昨天發出5點聲明，將加速執行符合國際規範三期臨床試驗，以取得國際認證為目標。不過股價並未受激勵，今天開盤以跌停價315.5元開出，連續2天跌停，市價及跌停價委賣張數高達1.64萬張，市場以利多出盡解讀。疫苗相關供應鏈及概念股同步走弱，高端母公司基亞 (3176) 盤中一度跌停價60.6元；負責上游蛋白質原液的台康生技 (6589) 跟著跌停，股價來到130.5元，其它包括台耀 (4746) 、東洋 (4105) 表現同樣疲軟。高端二期臨床實驗已在5月28日完成最後一位實驗者的安全性數據收集，6月初將開始進行分析，由國際臨床試驗委辦服務公司（CRO）獨立單位分析、解盲，若數據達到預期目標，將依法規送件申請台灣緊急使用授權（EUA）。"
"《生醫股》擺脫市場錯殺 台康跌停到漲停","【時報記者郭鴻慧台北報導】郭台銘購疫苗有進展，今天中午向衛生福利部食品藥物管理署遞件完成。郭台銘砸50億元入股的台康生技(6589)業績來源不僅只有做高端疫苗新冠疫苗的原液，還有CDMO業務及新藥授權金等等，午盤擺脫市場錯殺的陰霾，打開跌停，直衝漲停板鎖住159.5元，振幅高達20%。台康生技乳癌生物相似藥臨床三期主要療效數據成功達標，符合美國及歐盟生物相等性標準，生產廠去年也優先取得日本厚生勞動省 PMDA查廠通過，後續美國FDA與歐盟EMA也將進行查廠。另外，委託開發製造生產CDMO業務也正逐年快速成長，台康將加速並擴大在生物相似藥產品線開發及委託開發暨製造服務CDMO雙軌事業版圖，在既有基礎下擴大多樣化產品與產線，連結並整合生物藥開發與生產之上、中、下游，並延伸至細胞及基因治療領域的開發及生產，除台灣既有布局外，將積極展開國際間各種形式的合作、聯盟及併購的機會。郭台銘在4月初與台康生技總經理劉理成簽訂投資意向書，郭台銘規畫以私募方式投資台康生技5.5萬張，私募價格與本次現金增資價格同價(約90元左右)，總計砸下約50億元。當時郭台銘曾表示，將從旁協助，提供全球經營人脈網絡及自動化宏觀思維協助台康拓展國際事業版圖，一步一步落實產業國際化與自動化，並加速建構台康生技在全球生技的地位與價值。"
"高端又跌停鎖死 公股券商悄買進",蔡英文總統親上火線撇清沒有政務官「炒股」，高端疫苗昨仍慘吞第二根跌停，直接以315.5元鎖死，終場高掛9665張委賣量，2天市值蒸發逾156億元；當一堆投資人排隊賣股之際，八大公股券商卻悄悄買進6755萬元、約214張高端疫苗，由於公股具官方色彩，讓高端疫苗再受「政治力」關注。公股金融圈人士表示，會透過八大公股券商下單，基本上是4大政府基金、公股金控證券的自營部門以及銀行業的投資部位，因此，八大公股買超金額，十分具有參考價值。也有公股券商表示，統計資料中含個人戶，多是公股金控旗下的證券客戶下單的，高端疫苗現在連續跌，風險又高，若是官股下單，未來這些資訊都是透明的，誰買就陷誰於不義。此外，消息指出，疾管署與高端上月30日公布採購合約前，已有神祕投資人分別在上周分批買進、累計買超1080張，等於砸逾4億元買進高端疫苗；分析師表示，台灣大戶很多，不敢說這是內線交易，但敢單一重押高端疫苗，絕對是「賭徒心態」。面對高端疫苗連吞兩根跌停，分析師表示，主要是投資人懷疑個股被政治上下其手，也有人解讀為「利多出盡」。他表示，不論是疫苗或新藥，「解盲」是一翻兩瞪眼，「成功上天堂、失敗就住套房」，很多投資人擔心，基亞連續19天跌停鎖死的夢靨再度發生。事實上，高端母公司基亞2019年底曾爆出財務長歐朝銓等5人涉犯內線交易。檢調去年2月搜索基亞總部，檢察官從手機內LINE群組，發現歐等人將基亞用「蘋果」、高端為「水蜜桃」作代號，後因沒確切證據，證明重大消息時間點，今年1月底處分不起訴，2月經高檢署駁回再議。歐也是高端疫苗的共同創辦人。
"高端再爆第3根跌停！八大行庫「買超6755萬」 專家揭大戶身分","國產疫苗風波不斷，即便總統蔡英文親上火線撇清「炒股」嫌疑，依然面臨龐大賣壓，今（2）日開盤再拉出第3根跌停，股價跌至284元，委賣張數高掛逾1.6萬張，但在大戶紛紛獲利了結，市場憂心出現逃命潮時，有網友發現八大公股銀行昨（1）日竟悄悄買進6755萬元，共214張高端疫苗，在網路上引起熱烈討論，由於公股的官方色彩，也讓高端疫苗再度蒙上「政治力挺」的嫌疑。有位網友昨（1）日在PTT stock板發文詢問「為啥官股銀行買了1億多元的高端疫苗」，表示注意到八大公股銀行近三日（5／31～６／2）買超高端疫苗高端疫苗達1億2190萬9348元，光昨日一天就買進6755萬元，並說明「這都公開資訊，不用罰300萬吧？小弟我只是想求知」。此文引發網友熱議，有些網友表示「水很深不要問」、「黨的鈔錢部署」、「給套牢主力下車，怎麼了嗎」、「慢慢地事情串起來了」，但也有網友不以為然認為只是正常操作，「你是股市新手嗎？八大行庫的操作本來就這樣，逢跌就買，逢漲就賣」、「說實在，八大長老抄底勝率不低，他們在乎的是錢，不是政治鬥爭」、「長老接其他個股接得滿手血時怎沒爆卦？」會引發熱議的主因是因為，會透過8大公股券商下單，基本上是4大政府基金、公股金控證券的自營部門以及銀行業的投資部位，根據《中國時報》報導，有公股券商高階主管認為，這份統計包含個人戶，買單多是公股金控旗下的證券客戶下單的，高端疫苗現在連續跌，風險又高，若真是官股下單，未來這些資訊都是透明的，誰買就陷誰於不義。事實上有金融圈人士透露，八大公股銀行買進的高端疫苗，的確大部分是某個大戶透過公股金控旗下的證券下的單，並非直接由官股買進的。▼高端今日開盤再度跌停（圖/翻攝自嘉實全球贏家）▼（圖／翻攝自嘉實全球贏家）（封面圖／翻攝自高端疫苗臉書）"
"高端疫苗吞第3根跌停板 失守300元關卡","（中央社記者韓婷婷台北2021年6月2日電）高端疫苗 (6547) 今天股價再以跌停板開出，跌停價284元及市價委賣高掛超過1.6萬張，開盤第1筆成交798張，再吞下第3根跌停板，股價跌破300元關卡。政府採購尚未二期解盲的國產疫苗，引發爭議，加上未進入三期，市場擔憂影響未來受到國際認可的進度，高端疫苗連續3根跌停板，今天股價來到284元，3天市值蒸發逾220億元。不過，由於八大公股行庫在高端爭議不斷、苦吞第2根跌停板時悄悄買進6755萬元、約214張的高端疫苗，引發市場熱議，讓連日來的爭議口水戰再增添新話題。另外，鴻海及永齡基金會創辦人郭台銘有意採購BNT疫苗，也在昨天中午由郭台銘妻子曾馨瑩向衛福部正式遞件。證實接受委託、擔任申請廠商的台康生技，昨天午盤過後大單湧入敲開跌停後，一路直奔漲停價，今天開低後一度翻紅再震盪下跌，跌幅超過5%，進入多空拉鋸戰。"
"高端苦吞第4根跌停板 上萬張排隊等著賣","（中央社記者韓婷婷台北2021年6月2日電）高端疫苗 (6457) 短線賣壓沉重，今天開盤再度跳空跌停，連吞第4根跌停板，跌停價256元一價到底，尾盤跌停價委賣張數仍高掛1萬201張。高端今天苦吞第4根停板，總成交量為1962張，較前2天1500多張略見加溫。4天市值已蒸發新台幣282億元，總市值跌破600億元關卡，來到543.4億元。觀察今天盤面生技類股表現，雖然仍較大盤疲弱，但已逐步與高端疫苗走勢脫鉤，台康生技 (6589) 下跌4.97%，表現相對較弱，國光生 (4142) 及東洋 (4105) 跌幅在1%以內；高端母公司基亞 (3176) 則維持在平盤上表現，尾盤收漲1.77%。檢測相關防疫概念股今天重見買氣，亞諾法 (4133) 開高震盪，尾盤強勢攻上漲停價66.6元；寶齡富錦 (1760) 尾盤也見到買單拉抬，終場上漲8.43%，股價來到108元，重回百元關卡；瑞基 (4171) 、泰博 (4736) 、ABC-KY (6598) 、圓點奈米 (6797) 均以紅盤作收。興櫃市場的安特羅 (6564) 漲幅達10%，股價來到65.8元，金萬林 (6645) 漲幅也有8.43%，普生 (4117) 收漲3.83%。法人表示，本土疫情延燒引發市場對疫苗的不安，高端短線受到市場紛爭及解盲、國際認可等不確定性疑慮衝擊，市場信心不足，加上籌碼仍不安定等因素影響，股價持續重挫；但就全球疫苗研發競賽而言，台灣2家本土疫苗廠截至目前為止，進度均符合預期。疫苗廠商聯亞生技表示，聯亞疫苗二期試驗6月將解盲，月底申請緊急授權（EUA），盼7月通過核准、上市；與政府的採購契約只是訂單，要是EUA沒通過，採購就沒了。高端日前也發出5點聲明，將加速執行符合國際規範三期臨床試驗，以取得國際認證為目標。（編輯：張良知）"
"《生醫股》不敵高端連4根跌停 投信56張持股3日全砍了","【時報-台北電】高端疫苗（6547）今（4）日連殺第五根跌停，且還有逾1.56萬張賣單高掛，今天跌停來到230.5元，投資人幾乎大逃殺想賣出手中持股。據統計，投信3日手中56張持股，全數砍出，估計小賠500萬元出市場，另證券自營商也搭上高端疫苗5月的驚奇大漲之旅，5月10日持股100張，但到5月14日大增至200張，到6月3日持股為189張。至於這波高端疫苗大漲大跌下，外資可說對高端疫苗不離不棄，4月底外資持股13,121張，但到了6月3日持股為14,273張，合計增加1,152張。高端疫苗近來引起市場高度爭議，今天股價連殺第五根跌停，等於從5月17日的歷史最高價417元，跌到今天230.5元，跌了44.72％，幾近快要腰斬。投信之前對高端疫苗持股為零，於5月13日高端疫苗股價飆高至當日收漲停363元，忍不住跳下去搶了58張，當天成交值爆增至16,108張，但隨著爭議事件擴大，先於5月31日及6月1日各賣了一張，當天股價均跌停，分收350.5元及315.5元，6月3日跌停256元，索性全數將剩餘的56張持股全砍掉。而證券自營商在5月10日持股僅有100張，5月14日在高端疫苗股價飆到379.5元時，持股已增加到200張，增幅一倍，6月3日持股為189張，等於也是認賠殺了11張。這段時間，到底是哪些投信及自營商買進，引起市場高度關注。（新聞來源：工商即時 呂淑美）"
"高端吞下第5根跌停 收盤高掛近萬張求售","（中央社記者韓婷婷台北2021年6月4日電）國外疫苗陸續抵台，讓尚未二期解盲的高端疫苗 (6547) 今天再度跌停，吞下第5根停板，股價來到230.5元，從高點以來幾近腰斬，收盤仍有近萬張求售。高端疫苗今天開盤再度跌停價開出，下跌25.5元，跌停價230.5元一價到底，連吞第5根停板，尾盤跌停價230.5元委賣張數仍高掛9935張，成交量為1955張，5天跌掉158.5元，市值蒸發新台幣336.5億元，總市值跌破500億元，來到489.3億元。生技類股今天表現分歧，高端持續弱勢跌停，台康生技 (6589) 在平盤上震盪，以145.5元作收，上漲2元、漲幅1.39%，守穩月線135.23元之上。防疫相關概念股毛寶 (1732) 亮燈漲停表現最強勢，商之器 (8409) 也亮燈漲停；其他包括訊聯 (1784) 、逸達 (6576) 、中天 (4128) 、亞諾法 (4133) 、美吾華 (1731) 、達邦蛋白 (6578) 、明基醫 (4116) 等都有紅盤表現。高端5月底進入二期臨床尾聲，5月30日傍晚高端疫苗發布重大訊息，公布與疾管署簽訂110年500萬劑COVID-19疫苗採購合約，隨即網路上各種解讀言論在各大社群網站上流傳，隔天高端股價開平後快速摜壓至跌停板，被市場解讀為利多出盡，在紛爭不斷、籌碼鬆動等不利因素衝擊下，股價持續重挫，成為盤面弱勢指標。"
"高端疫苗分盤交易20分鐘撮合一次 吞第6根跌停","（中央社記者韓婷婷台北2021年6月7日電）高端疫苗 (6547) 、德宏股票 (5475) 及台驊投控四轉換公司債（26364）等近來因股價波動大，持續達公布或通知注意交易資訊暨處置作業要點，從7日起10個營業日分盤交易均改為20分鐘撮合一次。高端疫苗今天開盤股價跌停至207.5元，委賣張數逾6700張，拉出第6根跌停。櫃買中心公告，高端疫苗生物製劑、德宏工業、台驊國際投資控股國內第四次無擔保轉換公司債等3檔最近30個營業日內曾發布處置，又因連續3個營業日達櫃買中心公布或通知注意交易資訊暨處置作業要點第四條第一項第一款經櫃買中心公布注意交易資訊，自110年06月07日起10個營業日（110年06月07日至110年06月21日，如遇休市、有價證券停止買賣、全日暫停交易則順延執行） 改以人工管制撮合終端機執行撮合作業（約每20分鐘撮合一次）。各證券商於投資人每日委託買賣該有價證券，應就其當日已委託之買賣，向該投資人收取全部買進價金或賣出證券。但違約專戶委託買賣該有價證券時，不在此限。"
"《鋼鐵股》Q2營運看穩不敵囚處置股 威致摔跌停","【時報記者沈培華台北報導】南部鋼筋大廠威致(2028)自結4月獲利1.31億元，每股稅後淨利達0.4元，第二季獲利可望續穩增並優於第一季；但短期股價波動劇烈，自今日起列為，預收款券、每5分鐘撮合一次，今股價開低走低，盤中重挫跌停。威致公告4月自結稅後淨利1.31億元，年增835.71%，EPS 0.4元；前4月稅後淨利4.39億元，EPS為1.35元。公司受惠出貨續旺，鋼價走揚，使利差擴大，有利第二季營運持續成長。展望第二季，法人看好威致鋼筋及特殊鋼需求暢旺，且價格隨原物料廢鋼價格上漲而走強，單季營收、毛利率有機會再優於第一季，EPS上看1元。展望全年，隨著政府積極推動公共工程，營建與電子廠房建案續強，帶動威致鋼筋出貨保持穩健，且因原物料價格仍處高檔，需求仍強，持續支撐鋼筋價格；威致全年營收及獲利估可再優於去年，持續創下佳績。"
"《生醫股》高端終結連6根跌停 第二筆成交拉出漲停","【時報-台北電】高端疫苗（6547）連殺六根跌停後，今（8）日逆轉勝，一早開盤未直接摜殺第七根跌停，因是改採預收款券並人工管制撮合，每20分鐘撮合一次，一早以190.5元下跌8.19％開出，成交量高達6,232張，但到了第二筆9點20分，即以漲停228元成交，成交量為981張。等於高端今天股價從190.5元大跌8.19％拉上漲停228元大漲9.88％，上下震幅高達19.68％。過去六根跌停，到底都是哪些券商受託買賣進出？據統計，從5月31日到6月7日止，凱基市政分公司是最大買超券商，買超382張，永土金市政分公司是第二大買超券商，買超130張，再來是國票新莊分公司、元大證券及華南永昌證券斗六分公司，則均買超逾百張。至於近六日賣超券商則明顯集中在玉山高雄分公司，賣超高達1,108張，再來是國票安和分公司賣超642張、中國信託松江分公司501張、群益金鼎證券潭子分公司258張，另外，新百王、元大土城分公司、元大民生分公司及富邦台南分公司等，均各賣超百張以上。（新聞來源：工商即時 呂淑美）"
"台積電領軍台股端午後攻高 高端漲跌停一瞬間","台北股市今天(15日)端午連假後開市，由於台積電美國存託憑證ADR重新站回120美元，相當台股台積電每股為668.61元，一早開盤激勵台積電在台股表現，並帶領半導體類股上攻，大盤指數也上漲逾百點。不過，二期解盲成功的高端疫苗，股價一開盤漲停之後又跌停，又再往上走，波動幅度相當大。美國聯準會(Fed)利率決策會議，在台北時間15日晚間登場，市場關注聯準會走向。台北股市14日端午連假休市，不過，美股表現不俗，以科技股為主的那斯達克再創新高，費城半導體指數也上漲1.41%，資金重新回到電子族群，也讓台積電ADR上漲2.32%，股價重新站回120美元。台積電上週在端午長假前，股價重新站回600大關，15日早盤持續走高，最高來到609元，提振半導體族群士氣。不過，分析師指出，雖然資金陸續回流電子族群，但成交比重仍無法回到5成以上，主要是航運族群仍強勢，成交占比高達3成，因此後續仍需要電子股成交量明顯放大，才能帶動台股指數續往另一波高峰。國泰證期顧問處經理蔡明翰說：『(原音)台積電帶動指數往上，但在台股的表現，不像昨天ADR這麼強勢，相對而言，市場還是呈現比較觀望的氣氛。但主要還是國際的趨勢，目前來說，美國的科技類股創高，代表資金持續往科技類股流動，這個趨勢在這2至3個星期已經確立成形，後續來說，資金會持續流向電子，所以指數有機會強勢。』至於二期解盲成功的國產疫苗高端，15日仍為20分鐘撮合一次的處置分盤交易，第一盤以漲停價開出後，第二盤股價翻黑，第三盤直接殺至跌停，但之後又續往上攻。市場傳出，高端二期解盲後，準備申請台灣緊急授權EUA，且邁向國際認證許可，但美國FDA卻宣布，除了最後一支Novavax 疫苗可以採用緊急授權機制外，以後將不再發布EUA 給任何一家疫苗，也引發市場擔憂高端後續國際認可之路。不過，15日上午也有媒體報導，菲律賓衛生單位已致函我方，有意直接採認我國EUA，讓國產疫苗可在當地免做三期臨床直接施打。在消息紛雜下，也引發高端股價多空交戰。<BR>更多中央廣播電臺新聞<BR>開盤40分鐘從漲停到跌停 高端高低價差55元<BR>台股早盤漲逾140點 節後續強再創波段新高<BR>高端解盲成功為何不向國際申請EUA？指揮中心詳解"
"高端股價今天一小時內漲停又跌停！ 神秘的17億資金告訴你，為何碰不得","高端疫苗（6547）股票今（15）日再演出令人咋舌的戲碼，股價在開盤不久後馬上攻上漲停，但旋即又在一小時內被打入跌停。 沒想到，沒多久股價又由黑翻紅，午盤前一度躍升半根停板。 一位不願具名的專家指出，「從6月8日的那筆17億資金就可看出，這檔股票不是你、我這種一般人可以碰的」。高端疫苗今天在攻上漲停後又跌停，許多網友戲稱：「（這是一檔）只有漲停和跌停的股票」、「是正負10%的猜大小賭場」。今日高端疫苗的利多與利空消息交雜，利多在於有媒體報導高端疫苗可能有機會賣到菲律賓等海外市場，利空則是美國FDA對給予新冠肺炎疫苗緊急使用授權（EUA）的態度轉趨保守。但要說這些消息造成高端股價的極端走勢，一名在台股投資經驗近30年的專家並不認同。「高端股票真的不是一般人在玩的，你看那天它跌停一打開，一下去就是17億元的資金。」這名專家這樣分析。上周二高端終結連六根跌停 有主力當天開始布局在6月8日這天，高端股票被列入處置股，因為在此之前，高端在前面6個交易日連日跌停，在6月8日高端股票不但改以人工撮合、約每20分鐘撮合一次，且投資人當天如果要買高端股票，錢要先進戶頭才能下單。如果用當天高端的開盤價190.5元以及成交量能8740張來計算，當天的買家在高端連續6天跌停後，放了近17億元的資金在證券戶裡面等，把高端股票買到攻上漲停板。「這主力不但實力夠，且對資訊的掌握也很有把握，否則怎麼敢買進一家仍在賠錢，股價卻高達200多元的企業股票。」「高端股票千萬不要碰，因為你不是主導者」這名專家因此建議一般投資人，目前高端疫苗的前景仍未明，「高端股票千萬不要去碰，因為你不是主導者，今天這樣上沖下洗20%的走勢，到底是在洗盤還是出貨，一般人根本搞不清楚。」"
"利空消息不斷 高端盤中打入跌停","（中央社記者韓婷婷台北2021年6月16日電）高端疫苗 (6547) 的COVID-19疫苗完成二期解盲，將申請緊急使用授權（EUA），正反論戰激烈，股價也出現劇烈波動，今天以跌停板前一檔256元開出，第2盤摜入跌停價255元。高端今天依舊為20分撮合一次的處置分盤交易，早盤以255元開出，逼近跌停板256元，成交量520張，第二盤以1028張摜壓至跌停價255元，不過跌停委買張數還有576張。高端15日公告送件，向台灣衛福部食藥署申請COVID-19（2019冠狀病毒疾病）疫苗的緊急使用授權審查。同時以取得國際認證為目標，將申請執行第三期臨床試驗。不過由於美國EUA喊停，加上高檢署指示士林地檢署調查，士檢證實已分他字案，調查是否有人員涉嫌證券交易法等弊端，衝擊今天弱勢跌停。"
高端新冠疫苗申請EUA，今利多出盡跌停，供應鏈漲跌互見,"【財訊快報／記者何美如報導】高端疫苗(6547)新冠肺炎疫苗快馬加鞭，15日公告，已向台灣衛福部食藥署（TFDA）申請緊急使用授權（EUA），外界預期，最快7月初AZ疫苗的中和抗體效價試驗結果出爐後就會審查。東洋(4105)也終於鬆口證實，15日與高端簽約，將執行新冠肺炎疫苗充填工作。 不過，高端今日股價利多出盡，開盤股價重挫，半小時就下殺跌停鎖住。東洋在正式簽約進入供應鏈下，盤中股價小漲。另一負責供應原液的台康生技(6589)股價則小跌。高端15日公告指出，已向TFDA申請EUA，未來會以取得國際認證為目標，將申請執行第三期臨床試驗，將把現有數據與將申請認證的主管機關共同討論試驗設計方向，並設計適合的三期試驗。雖然美國FDA不再核准新冠疫苗的EUA，不過，高端規劃要依序完成三期試驗後，申請常規藥證。由於審查的專家會議，必須等到7月初AZ疫苗的中和抗體效價試驗結果出爐才會召開，且結果出爐後還需要交由第三方公正單位進行相關統計分析，外界預期，最快7月才會審查。至於海外布局，高端指出，日前分別與越南國家衛生暨流行病學研究所（NIHE）及巴拉圭亞松森大學醫學院簽署合作備忘錄，擬於該些地區合作執行高端新冠疫苗臨床試驗；另與東南亞各國洽談研發及業務合作亦為本公司既定策略方向，實際研發時程及相關業務資訊，將依相關規定公告揭露。<BR>"
植物油價走軟＋需求疑慮，CBOT大豆期約週三收低，豆油觸發跌停,"【財訊快報／陳孟朔】芝加哥期約交易所(CBOT)大豆期約週三收低，豆油期約觸發跌停，受累於全球植物油價格走軟和需求的不確定性。 CBOT-7月大豆期約收低17.25美分，報每蒲式耳14.485美元；新作11月期約急跌30.25美分，報13.4325美元。7月豆油期約收跌3.5美分，報每磅62.07美分，觸發跌停，8月、9月、10月和12月豆油期約均觸及3.5美分的跌停板。7月豆粕期約收盤逆勢收高6.8美元，報每噸379.20美元。CBOT玉米期約漲跌互現，近月7月期約上漲，遠月期約下跌，反映現貨市場上揚，舊作供應緊張；7月玉米期約收高5.5美分，報每蒲式耳6.73美元；新作12月期約收跌1.25美分，報5.725美元。"
《商情》倫敦油達近2年新高；BDI連6漲；期金反彈；豆油觸跌停,"時報-商情早報1.逢低買進，支撐周三紐約期金反彈。2.LME：06/16期銅收9667.00美元/公噸，漲97.50美元。3.NYMEX：7月輕質原油漲0.03美元，每桶為72.15美元。4.西德州原油下跌0.03美元，每桶為72.03美元。5.06/16BDI運費指數為3176.00。6.06/16SICOM天然橡膠7月期貨RSS3上漲1.00美分。7.NYCE：7月棉花漲0.05美分，每磅為85.33美分。8.CBOT：7月黃豆粉漲6.80美元，每公噸為379.20美元。9.06/16TRJ-CRB下跌0.01，為210.17。10.4GbDDR3512Mx8(1600MHz)16日收盤均價3.20美元。商情綜述:1.貴金期貨-逢低買進，支撐周三紐約期金反彈；因紐約期金價格連3跌，吸引投資人逢低買進，促使期金價格反彈，不過市場等待聯準會(Fed)消息而限制漲幅，另外鈀金漲逾2%；周三(6/16)收盤報價，8月黃金漲5美元，報每盎司1861.4美元，7月白銀漲0.12美元，7月白金跌6.7美元，9月鈀金漲72美元。(王馨慧整理)2.LME基本金屬-庫存疑慮，周三銅價反彈上揚；由於日前全球金屬最大消費國中國計畫從國家儲備中釋出銅、鋁和鋅等金屬，以抑制大宗商品價格上漲，但隨後分析師表示，中國釋出的部份金屬庫存中，銅庫存釋出的不如預期，致周三(6/16)倫敦(LME)銅價反彈上漲，此前曾觸及7周多以來的最低水平。終場周三指標期銅上漲97.5美元；期錫下跌248美元；期鎳下跌90美元；期鋅下跌5美元；期鋁上漲2.5美元；期鉛上漲27美元。(呂方維整理)3.原油期貨-庫存降，周三倫敦原油期貨觸近2年新高；據美國能源資訊署(EIA)所公布的最新數據顯示，截至6月11日當周，原油庫存減少740萬桶，煉油廠產能利用率則提升至92.6%；而除了伊朗短期內重返市場的機率減退外，適逢夏季駕駛需求高峰，投資人也樂觀看待未來庫存態勢，令收盤油價續漲，其中倫敦原油觸近2年新高；美國NYMEX-7月輕質原油期貨上漲0.03美元，漲幅0.04%，報72.15美元/桶；倫敦ICE-8月布蘭特原油期貨上漲0.40美元，漲幅0.5%，報74.39美元/桶。(王聖為整理)4.航運指數-運價堅挺，周三BDI指數連6漲；受海岬型船運價，大幅增加逾2600美元的提振，令其BCI指數來到近一個月以來新高。同時，巴拿馬型船運價也於本周首次增加達1000美元以上，使得終場波羅的海乾散貨BDI指數連6漲；其中最新報價BDI指數上漲151點，收3176點，漲幅5%；BCI指數上漲315點，收4010點，漲幅8.5%；BPI指數上漲112點，收作3519點，漲幅3.3%；BSI指數上漲46點，收作2713點，漲幅1.7%。(王聖為整理)5.橡膠期貨-周三日本天然橡膠期貨連3天走低，由於市場對北京穩定大宗商品價格努力的質疑，且中國輪胎需求趨緩的擔憂，進一步打壓大阪橡膠市場價跌，其中大阪OSE交易所指標11期貨跌0.8%，報每公斤235.2日圓；新加坡SICOM-RSS3 7月期貨漲0.5%，報每公斤213美分，上海期貨交易所交易最活躍的9月期貨漲0.12%，收於每噸12750元人民幣。(鄧凱綺整理)6.穀物期貨-周三芝加哥穀物期貨漲跌互見，其中大豆期貨收低，豆油期貨觸發跌停，因受累於全球植物油價格走軟和需求的不確定性打壓，玉米期貨漲跌互現，近月7月合約上漲，遠月合約下跌，交易商指出，這是因為現貨上揚，舊作供應緊張，終場7月大豆跌17.25美分，報1448.5美分， 7月玉米漲5.5美分，報673美分， 7月小麥漲1.25美分，報662.75美分。(倪淑茹整理)7.棉花期貨-交投震盪，周三紐約棉花期貨小幅走升；市場靜待每週出口銷售數據，以及月底聯邦種植面積報告，仍持續圍繞在天氣因素，和天然纖維的產量變化，令棉價呈區間波動；美國紐約棉花交易所(NYCE/ICE) 7月棉花期貨漲0.06%，報每磅85.33美分，10月棉花期貨跌1.08%，收盤每磅86.66美分。(鄧凱綺整理)8.記憶體現貨-周三記憶體現貨市場報價持續上揚，4G顆粒需求部份詢單動作增加，受惠終端需求暢旺，原物料及運費漲聲不斷，加上通膨持續升溫，反應盤面表現，部份規格報價上漲，最新報價為DDR4 8Gb 512Mx16/2400MHz持平，報4.811美元；DDR4 4Gb 512Mx8/2400MHz上漲0.5%，報3.450美元；快閃記憶體部份，市場需求呈現多頭分散，雙方價格上仍有落差，購買力道不足，市場觀望態度較顯濃厚，整體市場報價部分下跌，最新報價64Gb MLC下跌0.22%，報價為2.671美元；32Gb MLC持平，報價為2.063美元。(呂方維整理)(商品行情網)"
"《商情》多頭平倉 豆油觸跌停","【時報記者倪淑茹綜合報導】周三芝加哥穀物期貨漲跌互見，其中大豆期貨收低，豆油期貨觸發跌停，因受累於全球植物油價格走軟和需求的不確定性打壓，玉米期貨漲跌互現，近月7月合約上漲，遠月合約下跌，交易商指出，這是因為現貨上揚，舊作供應緊張。分析師指出，豆油期貨市場帶領大豆及製成品市場走軟，多個豆油期約皆跌停，於上周豆油價格曾飆升至歷史最高紀錄73.74美分，其他歐洲油菜籽和馬來西亞棕櫚油期貨同樣走低。今年美國豆油、歐洲油菜籽和馬來西亞棕櫚油期貨均大幅攀升，因為全球植物油供應吃緊，生物燃料需求旺盛，但是近日植物油價格回落，因多頭獲利平倉。終場7月大豆跌17.25美分，報1448.5美分， 7月玉米漲5.5美分，報673美分， 7月小麥漲1.25美分，報662.75美分，7月黃豆油跌3.5美分，報62.07美分，7月黃豆粉漲6.8美元，報379.2美元。(商品行情網)"
CBOT大豆期約週四跳水，豆油期約急挫近9%、玉米期約觸發跌停,"【財訊快報／陳孟朔】芝加哥期約交易所(CBOT)大豆期約週四大幅下跌，因美國作物天氣改善，豆油期約急挫近9%，以及包括原油和黃金在內的大宗商品市場普遍走低帶來的疲弱外溢效應，主要罪魁禍手來自美元指數急彈到兩個月新高，打擊大宗商品行情。 CBOT-7月大豆期約收跌1.1875美元，結算價報每蒲式耳13.2975美元；新作11月期約挫跌90.5美分，報12.5275美元，自4月以來首次跌穿13美元的心裡支撐位。CBOT-7月豆油期約觸發5.5美分的提高後跌停限制，跌幅高達8.9%，結算價報每磅56.57美分，全球植物油市場從多年高位回落。 CBOT-7月豆粕期約收跌17.70美元，報每噸361.50美元。CBOT表示，大豆、豆粕和豆油期約提高後的單日漲跌停限制將在週五繼續實施。玉米期約重挫，五個最近月期約均觸發40美分的跌停限制。交易商表示，由於美國作物天氣改善，美元大幅走高，以及大宗商品價格普遍下跌，刺激基金驅動的多頭出脫。7月玉米期約結算價下跌40美分，報每蒲式耳6.33美元。12月新作玉米期約結算價下跌40美分，報每蒲式耳5.325美元。CBOT表示，週五玉米期約的單日漲跌停限制將提高至每蒲式耳60美分。<BR>"
"台積電領軍台股大漲261點收17336點 貨櫃三雄跌停","（中央社記者潘智義台北2021年06月23日電）美科技股創高，台股連動，由台積電 (2330) 等電子權值股領軍，帶動指數強漲261.16點。終場加權指數收在17336.71點，大漲261.16點，漲幅1.53%，成交值新台幣5247.93億元。台積電收在595元，上漲2.94%。鴻海 (2317) 收111.5元，上漲2.76%。大立光 (3008) 收2990元，上漲2.05%。聯發科 (2454) 收941元，上漲4.21%。貨櫃三雄都收在跌停價，萬海 (2615) 收226元、長榮 (2603) 收138.5元、陽明 (2609) 收139.5元。"
"航運族群遭逢大股東賣股空襲 12檔慘收跌停","（中央社記者蔡芃敏台北23日電）台股今天大漲261.16點，但航運族群因大股東賣股利空而逆勢重挫，包括貨櫃、散裝族群共12檔航運股以跌停作收，投資人樂觀氣氛轉為憂心。分析師指出，航運股短線漲多，加上大股東申報轉讓，致股價短線修正，短線需觀察是否出現人氣退潮現象。航運股在報價上揚、業績亮眼及法人不斷調升目標價下，成為市場交易重心，不僅多檔加入百元俱樂部，創下歷史新高，類股交易量占大盤成交比重也多次達到4至5成的水準，交投熱度不墜。台股加權指數今天在資金回流電子股下，終場大漲261.16點，以17336.71點作收。連日氣勢如虹的航運股今天遇到大股東逢高賣股的逆風，短線賣壓明顯加重。上市航運類股指數今天重挫8.49%，收在279.22點，跌幅為各類股之最；類股成交量新台幣1692.49億元，資金占大盤比重仍達32%。航運股由於短期股價漲多，再加上陽明 (2609) 、台船 (2208) 、正德 (2641) 大股東申報轉讓持股，今天航運股股價遭遇亂流，短線賣壓沉重，上市航運股共有12檔以跌停價作收，包含台船、貨櫃三雄萬海 (2615) 、陽明、長榮 (2603) ，以及散裝航運股慧洋-KY (2637) 、裕民 (2606) 、四維航 (5608) 、中櫃 (2613) 等。觀察外資動向，賣超前10名中有4檔為航運股，賣超陽明1.3萬張、長榮航 (2618) 1.08萬張、裕民9363張與萬海7658張。國泰證期顧問處經理蔡明翰指出，海運運價持續創高，航運股基本面沒有太大變化；不過，台股電子族群跟隨美股腳步轉強，且航運股短線漲多、正乖離偏高，產生資金排擠效應，導致電子轉強、航運走疲。他表示，航運族群自4月起股價強攻，仍無法斷言資金派對是否結束，目前漲多拉回修正也屬正常現象。他認為，航運股短期資金占比將是觀察重點，需維持一定資金比重，後市才有續航力可言；若連續2天資金比重低於3成，恐怕代表人氣退潮。（編輯：張良知）"
"《各報要聞》航運股漲多突擱淺 12檔跌停、萬海爆違約交割","【時報-台北電】上市運輸類股受到大股東申報轉讓影響，類股漲多拉回，23日出現大幅震盪修正，包括貨櫃三雄、散裝族群共12檔航運股以跌停作收，類股指數重挫8.49％、收在279.22點，跌幅居各類股之冠；類股成交量1,702.9億元，資金占大盤比重達32.163％，僅次於電子類股的42.493％。值得注意的是，這波資金行情在航運股掀起當沖熱，使得違約交割量大增。據證交所統計資料，凱基證券士林分公司22日申報萬海違約交割金額高達7,562萬元，創近年來最大金額；萬海23日以226元收跌停。法人認為，航運股基本面沒有太大變化，短線漲多拉回修正屬正常現象，接下來可以將航運股短期市場資金占比列為觀察重點，需維持一定資金動能才有續航力。上市櫃運輸股由於短線漲多，加上陽明、台船、正德等大股東申報轉讓持股效應，23日賣壓沉重，上市運輸股有12檔以跌停價作收，包含貨櫃三雄萬海、陽明、長榮，及散裝航運股慧洋-KY、裕民、四維航等；上櫃運輸股也有捷迅、正德、陸海、台聯櫃等4檔個股以跌停作收。上市櫃航運股基本面仍看好，近日多檔個股公布4、5月業績亮眼，目前仍有6檔個股躋身百元俱樂部，包括萬海、長榮、陽明、台驊投控、中菲行、捷迅，上市類股交易量仍占大盤比重32.163％，意味人氣、買氣未散。5月中旬及下旬曾爆出二波違約交割高峰，多以貨櫃三雄的長榮、陽明為主，22日則是爆出萬海鉅額違約交割，雖然只有單一券商，與之前多點爆發不同，但單一個股、單一券商爆發的違約交割金額，是108年2月有公告該統計來的最高。(新聞來源：工商時報─邱莉玲、呂淑美／台北報導)"
中國7月煤價將出現大幅下調，煤炭股集體慘跌，潞安環能殺跌停,"【財訊快報／陳孟朔】新華社報導，中國國家發展改革委經濟運行調節局負責人表示，隨夏季水電、太陽能發電增長，以及煤炭產量和進口量增加，煤炭的供需矛盾將趨於緩解，預計7月份煤價將進入下調，價格將出現較大幅度下降。 消息傳出，動力煤期貨週一早盤暴跌超過7%，跌穿人民幣800元(下同)整數大關，最新報790.2元；焦煤、焦炭跟著急殺逾4%。A場煤炭股一片慘綠，中煤能源(滬股代碼601898)最新報7.31元，大跌6.27%。兗州煤業股份(滬股代碼600188)最新報14.97元，跌6.6%。其他相關股，潞安環能(滬股代碼601699)跌停，報12.46元；山煤國際(滬股代碼600546)暴瀉9.6%，山西焦煤(深股代碼000983)、山西焦化(滬股代碼600740)、兗州煤業(滬股代碼600188)跌幅都超過6%；露天煤業(深股代碼002128)跌逾5%，陝西煤業(滬股代碼601225)跌4.2%，中國神華(滬股代碼601088)亦跌2.66%。<BR>"
華榮5月每股虧損0.55元，股價跌停鎖住,"【財訊快報／記者戴海茜報導】華榮(1608)公佈自結5月每股虧損0.55元，由於呈現虧損，致使今天股價跳空開低後打入跌停鎖住，掛買張數逾6000張。 華榮因列注意股票，自結5月營收為6.11億元，年增2.96%，營業利益5727萬元，稅前虧損2.24億元，稅後淨損2.31億元，每股虧損0.55元。華榮5月單月本業呈現獲利，受到認列轉投資股票損失2.8億元，致使單月呈現虧損。華榮自6月21日最低點24元起漲，最高來到33.8元，漲幅逾40%，因此列為注意股票公佈自結獲利數字。<BR>"
CBOT大豆期貨週二急挫，豆油和玉米期約觸發跌停限制,"【財訊快報／陳孟朔】芝加哥期貨交易所(CBOT)大豆期貨週二大跌，豆油和玉米期約觸發跌停限制，因氣象預告美國中西部將迎來更涼爽、潮濕的天氣，緩解人們對不利天氣損害作物產量的擔憂。 CBOT-11月大豆期約收跌94美分，報每蒲式耳13.05美元；12月豆粕期約急跌25.9美元，報每短噸362.40美元；12月豆油期約觸發3.5美分的單日跌停限制，報每磅58.78美分。CBOT所有者芝商所(CME Group)宣布，豆油、大豆和豆粕週三單日漲跌停限制將暫時分別上調至5.5美分，1.50美元和45美元。當任何一種產品觸發漲跌停限制時，該交易所就會上調整個大豆類產品的限制。玉米期貨收跌，同樣觸發單日跌停限制，也是受到美國作物天氣將改善的打壓；12月玉米期約觸發40美分的跌停限制，報每蒲式耳5.3975美元。CME表示，玉米週三的單日漲跌停限制將暫時上調至60美分。<BR>"
《商情》BDI連5跌；期金連4漲；玉米跌停；期棉創四個月新高,"時報-商情早報1.公債殖利率回落，帶動周二紐約期金觸1800美元。2.NYMEX：8月輕質原油跌1.79美元，每桶為73.37美元。3.布蘭特原油下跌1.78美元，每桶為77.37美元。4.07/06BDI運費指數為3179.00。5.07/06SICOM天然橡膠8月期貨RSS3下跌0.80美分。6.NYCE：7月棉花漲0.35美分，每磅為86.38美分。7.CBOT：7月黃豆粉跌24.90美元，每公噸為355.00美元。8.07/06TRJ-CRB下跌4.71，為210.24。9.LME：07/06期銅收9312.00美元/公噸，跌199.00美元。10.4GbDDR3512Mx8(1600MHz)06日收盤均價3.25美元。商情綜述:1.貴金期貨-公債殖利率回落，帶動周二紐約期金觸1800美元；受惠於美國公債殖利率回落至數周低點，支撐黃金避險需求，帶動期金價格走高，盤中更觸及1800美元，為連續4個交易日上漲；周二(7/6)收盤報價，8月黃金漲10.9美元，報每盎司1794.2美元，9月白銀跌0.33美元，10月白金跌3.7美元，9月鈀金漲3.6美元。(王馨慧整理)2.LME基本金屬-美元上揚，銅價自3周高點回落；因油價在飆漲至多年的高位回落，且美元反彈上揚，這使得以美元計價的大宗商品價格對於其他貨幣持有者更顯昂貴，致倫敦(LME)期銅價格周二(7/6)下跌，自3周以來的高點回落。終場周二指標期銅下跌199美元；期錫上漲4美元；期鎳下跌418美元；期鋅下跌11美元；期鋁下跌26美元；期鉛上漲7美元。(呂方維整理)3.原油期貨-協商破局，周二美國原油期貨跌近2.5%；由於石油輸出國組織(OPEC)與盟國組成的(OPEC+)，未能達成生產協議，令產量政策前景不確定性增強；加上美元走強，使得以該貨幣計價的大宗商品對投資者吸引力降低，引發終場油價不振；美國NYMEX-8月輕質原油期貨下跌1.79美元，跌幅2.4%，報73.37美元/桶；倫敦ICE-9月布蘭特原油期貨下跌2.63美元，跌幅3.4%，報74.53美元/桶。(王聖為整理)4.航運指數-運價疲軟，周二BDI指數連5跌；受海岬型船及巴拿馬型船運價，合計減少近1200美元的影響，顯示市場市場可用運力增多致價格不振，並拖累波羅的海乾散貨BDI指數跌近1.5%，為連續5個交易日續跌；其中最新報價BDI指數下跌45點，收3179點，跌幅1.4%；BCI指數下跌56點，收3293點，跌幅1.7%；BPI指數下跌81點，收作4160點，跌幅1.9%；BSI指數下跌15點，收作2920點，跌幅0.5%。(王聖為整理)5.橡膠期貨-利多經濟因素帶動，周二日本天然橡膠期貨續揚，由於消費者購買汽車和手機大幅成長，日本5月家庭支出激增，提振對橡膠等工業大宗商品的需求，支撐買盤持續回補，大阪和上海膠價延續前一日漲勢，其中大阪OSE交易所指標12期貨漲逾1%，報每公斤223.7日圓；新加坡SICOM-RSS3 8月期貨跌0.4%，報每公斤191.5美分，上海期貨交易所交易最活躍的9月期貨漲1.7%，收於每噸13380元人民幣。(鄧凱綺整理)6.穀物期貨-周二芝加哥穀物市場全收黑，其中玉米期貨跌停板，因美國天氣轉涼、潮濕的預測緩解了對不利作物狀況的擔憂，由於農業部對美國種植面積的估計低於預期，至上周玉米價格上漲 12% 後回落。經紀商表示，由於中西部天氣在 7 月中旬基本有利，農產品期貨很難進一步上漲，終場7月大豆跌88美分，報1363.75美分， 7月玉米跌41.25美分，報656美分， 7月小麥跌25.75美分，報620美分。 (倪淑茹整理)7.棉花期貨-熱帶風暴逼近，周二紐約棉花期貨漲逾四個月新高；由於熱帶風暴艾爾莎將於近日向東北偏北方向穿過美國東南部，料將為佛羅里達半島帶來豪面，導致棉花產量受限，亦支撐棉價續漲，不過因美元走強，限制漲幅空間，美國紐約棉花交易所(NYCE/ICE) 10月棉花期貨漲0.4%，報每磅87.86美分，12月棉花期貨漲0.5%，收盤每磅87.40美分。(鄧凱綺整理)8.記憶體現貨-周二記憶體現貨市場報價持續走強，部份指定顆粒需求提升，加上有限的產能導致晶片供不應求，針對後市持續熱絡，供給吃緊，反應盤面表現，部份規格報價上漲，最新報價為DDR4 8Gb 512Mx16/2400MHz持平，報4.811美元；DDR4 4Gb 512Mx8/2400MHz上漲0.94%，報3.759美元；快閃記憶體部份，需求動能較不連續，市場報價稍有回落，買家問價動作減少，整體市場報價部份下跌，最新報價64Gb MLC下跌0.23%，報價為2.604美元；32Gb MLC持平，報價為2.061美元。(呂方維整理)(商品行情網)"
"【台股盤後】萬八得而復失 台積電重返六百貨櫃三雄跌停","（中央社記者潘智義台北2021年7月13日電）美股創高，台積電 (2330) 帶領台股盤中來到18018.04點，再創新高，大漲203.71點，但近中午指數震盪走低，貨櫃三雄跌停，收盤前指數一度翻黑，僅收小紅。加權指數終場收在17847.52點，上漲33.19點，漲幅0.19%，成交值放大為新台幣6563.75億元，8大類股漲跌互見，機電、金融、食品類股上漲，造紙、紡織類股跌最兇；電子類股成交金額約占大盤51.3%，航運類股成交金額約占28.7%。美股費城半導體指數上漲40.61點，激勵台積電 (2330) 漲勢，重回600元之上，收在607元，上漲2.36%。鴻海 (2317) 收在116.5元，上漲1.3%；大立光 (3008) 盤中一度重回3000元之上，終場收在2965元，上漲0.51%。貨櫃三雄收盤全都跌停，長榮 (2603) 收165元、陽明 (2609) 176元、萬海 (2615) 258.5元。台塑四寶當中台塑 (1301) 收在平盤103元、台塑化 (6505) 小跌，南亞 (1303) 、台化 (1326) 小漲。國泰證期顧問處分析師蔡明翰表示，昨天資金已有開始往電子股移動跡象，今天電子股成交比重來到5成之上，對指數而言有正面意義，15日台積電法說會若釋出正向訊息，將可激勵資金回到電子股，帶領指數創高。蔡明翰指出，非電族群雖有業績撐腰，畢竟股價漲多，難以帶領大盤創高，仍須依賴進入旺季的電子股重新吸金，才有帶動指數衝高的機會。"
永豐期貨：貨櫃三雄跌停壓盤，電子股重回資金青睞,"【財訊快報／編輯部】台指期週二上漲43點至17869點。價差方面，台指期正價差擴至21.48點，電子期正價差縮至1.07點，金融期逆價差擴至-1.51點。現貨部分，三大法人買超256.51億元；而在台指期淨部位方面，三大法人淨空單增加881口至-11167口，其中外資多單加碼超過空單加碼，淨空單減少1044口至-28212口；十大交易人中的特定法人全月份台指期淨空單增加583口至-13495口。 週一美股財報由銀行股率先展開，高盛、摩根大通等大型銀行股普遍走高，美國公債殖利率回升，美股四大指數皆收紅，道瓊上漲0.36%，標普500上漲0.35%，那斯達克上漲0.21%，費半上漲1.24%。台股今天早盤受美股激勵開高，電金權值股領軍，早盤一度大漲逾200點，站上萬八創新高，但午盤後獲利了結賣壓出籠，大盤一度翻黑，終場加權指數小漲，收17847.52點，守住五日線。權值股來看，台積電開高走高，尾盤受拉抬上漲2.36%，收607元，聯電漲幅收斂，上漲1.32%，收53.9元，而航運類股成交比重縮至28.7%，貨櫃三雄全部跌停，整體來看，資金已開始往電子股移動跡象，電子成交比重來到五成之上，但近期指數多呈現開高走低，顯示投資人操作偏短且獲利了結賣壓重，而本週美國多項經濟數據及財報將公布，大盤波動恐加劇。選擇權未平倉量部分，買權未平倉最大量集中在18000點，賣權未平倉最大量集中在17000點。全月份未平倉量put/call ratio值由1.12降至1.08。VIX指數下跌0.07至19.64。整體選擇權籌碼面呈中性。<BR>"
"貨櫃三雄再現跌停 法人：本週交易量能很關鍵","（中央社記者蔡芃敏台北2021年07月13日電）航運族群表現弱勢，貨櫃三雄全數以跌停價作收，類股終場下挫8.72%，資金比重降至2成8。法人認為，人氣族群本來就會大漲大跌，不過今天資金比重明顯降溫，若持續低於3成，人氣退潮恐不利後市表現。台股指數終場收在17847.52點，上漲33.19點，漲幅0.19%，成交值新台幣6563.75億元；若加總一般、零股、盤後定價，上市成交總額達6614.64億元；其中，航運類股成交金額1896.44億元，資金占比降至約28.7%，指數終場下挫8.72%。貨櫃三雄今天全數以跌停作收，長榮 (2603) 今天下挫18元，以165元作收，跌停未成交委賣張數達2.6萬張，股價今天跌破月線約176.18元，自歷史高檔233元回落約29%。陽明 (2609) 在12日完成現金增資訂價後，今天股價開高走低，終場收在176元，雖跌破182元現增價格，但仍在月線174元之上，從歷史高點234.5元拉回修正約24.9%。陽明今天總成交值達1027.54億元，成交張數逾54.5萬張，成交張數、量能均為上市之最。萬海 (2615) 今天以跌停價258.5元作收，下跌28.5元，跌破月線約273元；從歷史新高價353元，至今下跌94.5元，回檔幅度約26.7%。國泰證期顧問處經理蔡明翰認為，航運股基本面沒有太大變化，也經過多次大漲大跌。不過，必須留意的是，今天航運股資金占比降至3成以下，量是價的先行指標，股價大跌、量能下滑並非好事，未來3個交易日是重要關鍵。他說，台積電 (2330) 法人說明會15日將登場，若台積電展望優於市場預期，帶動電子族群資金比明顯回升，而航運資金比重遲未回升至3成以上，對航運族群恐將是一大利空。華南投顧董事長儲祥生認為，貨櫃三雄股價已經漲多，今年已上漲數倍，6月營收齊創新高，5月自結獲利也有亮麗表現；但即便利多消息不斷，股價仍硬生生從高點回落，顯現市場已出現疑慮。他說，海運終歸是景氣循環股，貨櫃航運今年獲利表現佳，基本面未出現反轉，但對於明年海運展望，市場看法多空分歧。雖目前難判斷派對是否結束，不過「航海王們」得留意手中持股、適度調節。不過，也有法人指出，「暈久就習慣了，海上怎麼可能會無風無浪」，航運股前2次漲多回檔，修正幅度動輒30%至35%，且連續大跌，甚至跌破月線，主力藉此清洗浮額，5月中旬便上演如此戲碼，經歷大洗盤後，「船輕了、便跑得快」。另外，陽明辦理現金增資12日訂價每股182元，共計發行1.6億股，其中1.44億股以詢價圈購方式辦理，預計可籌措291.2億元資金。不過，陽明今天收盤價已跌破現增訂價，蔡明翰認為，若本週股價遲遲未回神，恐怕沒有特定人敢繳款，進而衝擊增資計畫；依照過往經驗，董事會最終可能重新調整現增訂價。（編輯：張良知）"
台股二衝萬八失利，台積電挑大梁，貨櫃三雄跌停,"【財訊快報／研究員鄭心丹】美股週二四大指數收黑，道瓊下跌107.39點，美國6月消費者物價指數(CPI)創2008年來最大漲幅，升息預期走強，波音下跌4.18%，尖牙股漲跌互現，那斯達克跌幅0.38%，費半指數下跌0.55%，但台積電ADR上漲1.04%。 台股衝上18,018點，再創歷史新高，電子股領軍，成交比重逾五成，三大法人聯手買超256.46億元，但中實戶、散戶當沖熱，高檔賣壓湧出，航運、鋼鐵遭到空方狙擊，貨櫃三雄全面打入跌停，拖累指數一度翻黑，終場小漲33.19點，以17,847.52點作收，日成交量6576億元，上漲290家，下跌610家。電子股重回主流地位，外資連二日作多，合計買超384億元，投信終止連9賣，轉為買超5.58億元，自營商也連二買，外資減碼空單，台指期淨空單剩下2.8萬多口。技術面，大盤創高後收黑K，回測5日及10日均線，9日KD值交叉失敗，短線偏多整理，回檔是否量縮或上攻成交量大於20日均量，下檔以月線及17,597點為強弱位置。美國將公布通膨數據，聯準會主席鮑爾15日將赴國會報告未來經濟展望以及貨幣政策，股市處在高檔之際，各界關注通膨議題以及Fed縮表時程，由於大盤創高後收黑K，短線上震盪恐加劇，宜避開漲多股的獲利賣壓，在選股上，可留意IC設計、車用電子、金融等族群類股。資金轉進半導體，權王台積電(2330)衝破600元大關，收607元，市值也回升至15.7兆元，本週四法說會登場，法人提前卡位，華邦電(2344)、旺宏(2337)齊揚，半導體股漲幅逾1.8%，高速傳輸IC廠祥碩(5269)，強攻漲停1740元，IC設計股的新唐(4919)、迅杰(6243)、凌通(4952)、研通(6229)、應廣(6716)等鎖漲停，但強茂(2481)、怡利電(2497)則打開漲停。中美晶(5483)6月營收寫次高，一度漲停220.5元，飆13年新高，旗下環球晶(6488)也一度勁揚至972元，挑戰千元大關，終場收933元。愛普(6531)6月營收創高，量增漲停739元；PCB原料的榮科(4989)，亮燈漲停57.9元寫新天價。美律(2439)、亞泰金屬(6727)6月營收續強，股價強力攻頂；劍麟(2228)放量突破年線，攻上80.5元漲停板。中國出乎意料降準，牽動景氣循環股，鋼鐵類股下挫5.21%，龍頭廠中鋼(2002)跌破月、季線，收36.5元，聚亨(2022)、彰源(2030)、官田鋼(2017)、志聯(2024)、新鋼(2032)、運錩(2069)等多檔亮燈跌停。航運股火燒連環船，指數跌幅8.72%，台驊投控(2636)、四維航(5608)、榮運(2607)、志信(2611)、中櫃(2613)等兵敗如山倒，貨櫃三雄同步被摜殺至跌停，陽明(2609)打入跌停價176元，直接摜破詢圈定價182元，股價若無法回神，是否影響影響圈購意願，進而衝擊增資計畫，也備受市場關注。<BR>"
"航運族群續疲 長榮盤中一度跌停","（中央社記者蔡芃敏台北2021年7月14日電）貨櫃三雄今天表現持續疲弱，其中，長榮 (2603) 盤中一度下挫至跌停價148.5元，航運族群表現弱勢。法人指出，航運族群基本面看旺，不過貨櫃三雄須先止穩，航運才比較有機會表態。航運族群今天表現持續疲弱，截至11時13分，下挫約2.5%，航運資金占比約達41%。觀察個股表現，長榮自7日起至20日採分盤交易，每20分鐘撮合一次，今天跳空開低，在10點左右打入跌停價148.5元，11時跌停打開，下挫9.09%，至150元。萬海 (2615) 、陽明 (2609) 開高走低，萬海11時左右買單拉抬，來到今天高點270元，上漲11.5元。陽明低點逼近跌停價，同樣在11點左右翻紅，上漲1.5元至177元。散裝航運部分，裕民 (2606) 董事長徐旭東看好散裝前景，各國經濟將加速復甦，並祭出基礎建設，帶動原物料需求，散裝運輸需求隨之強勁成長；慧洋-KY (2637) 下挫2.16%，裕民下跌1.58%，四維航 (5608) 跌勢較重，超過3%。法人表示， 歐盟繼美國之後傳出要調查運價，但調查程序冗長、證據有限，實際上對運價影響不大，第3季為遠洋線傳統旺季，因此市場對貨櫃運輸會逐步增加。法人認為，台積電 (2330) 法說會在即，吸引法人加碼，電子資金回溫。航運股則是在貨櫃三雄轉弱下，類股持續走弱。長榮處置至20日止，越接近處置結束，買盤有望隨之回流，認為先觀望長榮下半週表現。散裝航運中長期有基礎建設等利多因素，但近期表現較弱，待貨櫃三雄須先止穩，才比較有機會表態。"
供應商供貨延期、客戶拖欠貨款，中天科技盤中重挫10%跌停,"【財訊快報／林浩博】外電報導，中國光纖電纜製造商—中天科技(600522 CH)因和供應商的供貨問題，以及應收帳款中客戶未如期付款，週四在上海掛牌的股票價格下挫10%而跌停板。 據週三提交給證交所的文件，供應商的供貨落後交期，而中天子公司已先簽約支付了21億元人民幣。還有9億6,700萬元人民幣的配件尚未交貨，而供應商也還未償還中天預付的貨款。另外，中天還稱應收帳款中，一名客戶拖欠5億1,200萬元人民幣的付款，而此延遲恐導致損失。"
白酒股早盤集體大跌，水井坊財報爆雷跌停，茅台急殺近半根停板,"【財訊快報／陳孟朔】 中國白酒股類股週一早盤大幅下挫，跌幅僅次於政策利空的教育股類股。市值數千億元人民幣規模的白酒股中，貴州茅台(滬股代碼600519)盤中一度跌逾4.7%，五糧液(深股代碼000858)慘跌6.7%，瀘州老窖(深股代碼000568)、洋河股份(深股代碼002304)皆跌逾5%，山西汾酒(滬股代碼600809)也重挫7.5%。 不足人民幣千億元(下同)市值的熱門白酒股中，水井坊(滬股代碼600779)開盤便封死跌停板，因業績“爆雷”，上半年淨利潤為3.77億元，而其第一季淨利則為4.19億元，意味著第二季出現赤字；古井貢酒(深股代碼000596)大挫8.7%；今世緣(滬股代碼603369)急殺近8% 與此同時，中證白酒指數同一時間慘跌5%；滬深300指數跌逾2%。 安信證券最新研報指出，今年第二季公募基金的白酒股持倉為7.84%，比上季減少0.45個百分點，參考白酒股市值占A股(剔除銀行石油石化）市值比重，第二季白酒超配幅度僅為0.47個百分點，雖維持超配但幅度收窄。<BR>"
"航運三雄再吞跌停 台股該走還是留","文／理周教育學苑．方鈞 Q:自上次航運三雄來到關鍵價支撐反彈後，敵不住賣壓湧現再吞跌停，7/27三大法人同步賣超46億，除了航運股殺盤外，鋼鐵、金融、電子也無一倖免，整體來看，手中持股該留還是該逃？ A:近來航運類股殺聲隆隆，陽明、長榮、萬海沒少吞跌停，短期內要消化這些股價賣壓實屬不易，常態性跌停也讓違約交割金額直線上升。 政府為了平衡市場機制，從八月二十七日起，只要個股當沖比率同時符合兩項規定，將公布注意交易資訊，並新增處置條款，包括：一、最近六個營業日之當日沖銷成交量占最近六個營業日總成交量比率超過百分之六十，二、當日沖銷成交量占該日總成交量比率超過百分之六十。 換言之，接下來當沖焦點不會聚焦在固定的個股上，散戶當沖團將被沖散，整體環境來看，台股想要重振雄風須滿足幾個條件，一、航運類股止跌；二、電子股成交比率超過五成並且開始領漲；三、外資期貨空單下降，轉賣為買，這幾個條件缺一不可。 至七月二十八日大盤已連續下跌四日，跌破一萬七千二關鍵支撐價格，短期幾天內有望止跌反彈，反彈適逢股票減碼時機。 就盤面來看，航運股續殺買盤力道不足，電子股雖然迎來旺季，但是那斯達克及費城半導體指數有攻高拉回現象，電子短期強攻力道不足，為了避免外資狙擊，部分法人資金有機會轉往小型股短打操作價差。 簡易短線篩法，第一步：連續二或三日漲幅超過百分之十以上；第二步：確認日Ｋ線價格在十日均線之上；第三步：檢查沒有高檔黑Ｋ帶量。綜合來看，大盤接下來有機會止跌震盪，但操作難度倍增，之前熱門的航運、鋼鐵股有套牢賣壓，操作上只能以打帶跑，而冷門小型股還未受到重視，安全性相對較高，時局動盪，建議投資朋友還是保守操作為上。想學習更多股市操作技巧，可加入理周教育學苑LINE@官方帳號 @moneyedu ※理財周刊1092期更多精采文章：◎發行人語>外國人看台灣與外資不同調◎封面故事>MCU漲價一波又一波◎理財我最大-寶山會客室>甜心鮪魚揮別月光 傻瓜理財法買房◎全球理財觀>中國嚴打核心創新企業◎區塊鏈貨幣戰爭>比特幣4萬美元整理機率大◎企業巡禮>豬博士動物試驗平台 創造價值◎理善大家來>守護生命 守護健康 守護愛◎理周幫幫忙>航運三雄再吞跌停 台股該走還是留◎理周幫幫忙>美債殖利率重挫 如何解讀美國經濟◎財經瞭望台>財團法人成為機構投資人可行否？◎數位台灣>從十兆產業轉型 看台灣經濟成長的關鍵◎房地產會客室>如何審閱預售屋定型化契約條款？(七)◎ETF資產增長術>美股成長股ETF 反映消費持續復甦◎AI嬉遊期海>程式策略師的知識邊界◎密碼貨幣通>三大巨頭為比特幣闢謠！◎房市放大鏡>通貨膨脹對房地產走勢的影響◎健康你我他>林恭儀中醫師 防疫寧心茶 去除心火毒"
"美時Q2雙率雙降，EPS 1.38元低於預期，開盤重挫鎖跌停","【財訊快報／記者何美如報導】特殊學名藥廠美時(1795)第二季營收季增4%，但毛利率、營利率意外雙降，稅後淨利3.54億元，較上季下滑2成，每股盈餘1.38元；累計上半年獲利則大增8成，每股盈餘3.21元。第二季獲利低於市場預期，今日美時開盤股價急挫打入跌停，委賣高掛2千餘張。 第二季營收為34.64億元，年成長29.4%，季增4.2%。毛利率為41.8%、營益率達17.5%，分別較去年同期增加1.6與1.9個百分點，但較上季減少3.21與4.02個百分點；稅後淨利3.54億元，年增18.7%%、但較上季下滑2成；每股盈餘1.38元，較去年同期的1.23元成長，但低於前一季的1.85元。美時表示，第二季全球外銷市場營收達16.97億元，較去年同期成長68.0%，營收佔比首度達到近50%，與亞太區域市場營收佔比趨近平衡。其中，癌症用藥產品受惠歐洲客戶的銷貨收入拉抬，營收較去年同期大幅躍增近9倍。此外，重磅產品戒癮用藥gSuboxone在第2季營收持續保持年增逾35%、季增近6%的成長水準，在美國市場的市佔率也維持在39%的高檔水平，仍舊超越原廠穩居市場龍頭。亞太區域市場第二季未受近期重燃的COVID疫情影響，營收持續穩健成長，年增6.4%達17.46億元，主要的成長動能來自Orion授權的帕金森氏原廠藥Stalevo/Comtan，陸續於韓國、台灣、香港、印尼、菲律賓及孟加拉等國家成功上市。同時，重磅產品減重用藥Qsymia在韓國市場銷貨持續增加，同步帶動旗下減重用藥產品組合成長。上半年營收達67.89億元，年增44.1%。營業毛利為29.45億元，年增46.5%；毛利率為43.4%，較去年同期增加0.7個百分點。本業獲利能力成長強勁，營業利益達13.19億元，較去年同期躍增82.1%；營益率更比去年上半年大幅提升了4個百分點，達19.4%。稅後淨利成長力道同步強勁，年增86.8%達到8.03億元，每股餘3.21元。美時在今年第二季，美時達到了新的里程碑，成功送出首件NCE-1，癌症用藥Midostaurin軟膠囊的美國學名藥證申請，並已收到美國FDA的同意審查通知。癌症用藥的藥證取得進度方面，美時的7項癌症用藥（Lenalidomide、Gefitinib、Vinorelbine、Pazopanib、Sunitinib、Enzalutamide、Temozolomide）在第二季於全球市場共取得了21個藥證核可，其中，Vinorelbine 軟膠囊（主要適應症為乳癌）更已在台灣此項口服藥劑之全球最大單一市場取得了藥證。<BR>"
包鋼集團擬逢高減持股份，北方稀土盤中急殺跌停,"【財訊快報／陳孟朔】中國輕稀土龍頭--北方稀土(滬股代碼600111)週一早盤急殺到10%跌停的水準，因公司公告顯示，持股38.9%的控股股東包鋼集團擬減持不超過9,083萬股公司股份，不超過公司股份總數的2.5%。 年初迄今，因政策利多，北方稀土已暴漲超兩倍，同期滬深300指數跌5.2%。中國今年1月份發布《稀土管理條例》，並努力改變中國稀土「只賣出『土』的價格，沒賣出『稀』的價格」的局面，為稀土企業提供巨大利多。 北方稀土主要從事稀土原料產品、稀土功能材料產品和部分稀土應用產品的生產與銷售，主要產品包括稀土精礦、碳酸稀土、稀土氧化物、稀土鹽類、稀土磁性材料、拋光材料、貯氫材料、發光材料、鎳氫動力電池和稀土永磁磁共振儀(ESR)。台北時間10：10，北方稀土最新報價為人民幣40.66元(下同)，跌9.98%，盤中殺到40.65元的跌停水準，為7月29日以來最低。儘管今日殺到跌停，但今年來仍大漲了210.62%，8月2日觸及的51.46元為波段新高。<BR>"
"《通信網路》智邦連吞2跌停 400G助攻、Q3毛利拚回溫","【時報記者王逸芯台北報導】智邦(2345)第二季因疫情與原物料影響，影響上半年獲利年減5%、每股賺3.74元，也衝擊智邦連續吞下2根跌停，第三季儘管缺料陰影難消，但毛利率可望在400G產品增加出貨下，出現回溫，法人也看好，智邦2022年將有多樣動能支撐營收獲利成長。智邦6月竹南廠外籍員工確診，智邦隨即啟動工廠消毒、員工篩檢及分流，除對產能造成影響，也導致6月產能較公司原生產計畫減少約10%、營收減少約5%，以及防疫費用支出額外增加約1,200萬。智邦在第二季原物料緊張持續影響之下，毛利率僅為17.5%，每股盈餘1.72元，低於市場預期。展望第三季，儘管原物料緊缺仍有影響，但智邦毛利率可望開始回升，6月缺少的營收雖將在第三季開始補回，但基於仍有部分缺料狀況，法人預估，缺少的營收將拉長回補時間，因此，微幅下調第三季營收至155億元，但預期毛利率將隨400GbE產品增長動能及成本轉嫁因素而逐漸回升，因此調整毛利率至19.5%，每股盈餘落在2.51元。就長線來看，法人依舊看好智邦2022年將有多樣動能支撐營收獲利成長，包括400GbE產品將進一步增量；隨歐美逐漸解封，企業客戶需求將回升；隨伺服器平台升級與400GbE交換器增量，將有助於加速未來SmartNIC升級至400GbE規格；電信商採白牌交換器配合5G建置意願提高。"
"《熱門族群》榮科遭母公司處分淚跌停 金居掃颱風尾",【時報記者張漢綺台北報導】受到母公司李長榮化學工業公告處分持股影響，銅箔廠李長榮科技(4989)今天股價開低走低，以跌停板作收，拖累金居(8358)盤中股價同步重挫跌停，終場以74.9元作收，大跌9.65%。李長榮科技8月13日公告，母公司李長榮化學工業將於8月16日到9月15日交易21000張持股，每單位價格：依「當日收盤價」減「固定折價率4%(即當日收盤價X4%)」為成交價格，交易總金額約為新台幣9.03億元至9.87億元。目前持有榮科股數約9944萬6547股，持股比率為64.96%。李長榮化學工業大舉出脫榮科持股，引發市場疑慮，致使榮科今天以跌停板作收，連帶金居也掃到颱風尾。就基本面來看，受惠於銅箔市況火熱，金居及榮科上半年財報亮眼，其中金居第2季合併營收為22.26億元，季增21.51%，創下單季歷史新高，營業毛利為5.58億元，季增55%，單季合併毛利率為25.07%，季增5.38個百分點，稅後盈餘為3.89億元，季增67%，創下單季歷史新高，單季每股盈餘為1.54元，累計上半年合併營收為40.58億元，年成長36.31%，營業毛利為9.18億元，年成長71.91%，合併毛利率為22.62%，營業淨利為7.8億元，稅後盈餘為6.22億元，年成長98.09%，每股盈餘為2.46元。金居7月合併營收為8.01億元，年成長64.61%，創下單月歷史新高，累計前7月合併營收為48.6億元，年成長40.3%。榮科第2季合併營收為11.58億元，季增20.12%，年成長97.95%，營業毛利為2.53億元，季增68.66%，年成長2.61%，單季合併毛利率為21.88%，季增6.23個百分點，年增17.66個百分點，稅後盈餘為1.63億元，季增66.34%，單季每股盈餘為1.07元，累計上半年合併營收為21.22億元，年成長57.3%，營業毛利為4.04億元，年成長3.93倍，合併毛利率為19.05%，年增12.98個百分點，稅後盈餘為2.61億元，年成長15.55倍，每股盈餘為1.71元。榮科7月合併營收為3.8億元，月減3.8%，年成長66.66%，累計前7月合併營收為25.03億元，年成長58.68%。
VHQ-KY明起預收款券，股價開盤跌停，創掛牌來新低,"【財訊快報／記者戴海茜報導】VHQ-KY(4803)因昨天召開重大訊息說明記者會，對於子公司VHQ Holdings Ltd發行之海外可轉換公司債到期償債事宜，未能具體說明目前與債權人之協商情形及完成簽署協議合約之期限、未來還款計畫及償債資金來源並提供相關事證，因此自18日起變更交易方式為預收款券，今天股價開盤跳空跌停，創掛牌來新低價。 VHQ指出，子公司共計發行兩次海外公司債，主要以挹注集團營運為目標，藉以提升整體淨值並於海外掛牌後轉換為持股進行規劃，並以VHQ為擔保人。VHQ表示，由於近年疫情侵襲及大陸影視行業稅務整理等原因，使集團面臨嚴峻之挑戰，故於109年開始即與兩次海外公司債之認購人持續協商，望能基於債權人、投資人及公司本身之最大利益的前提下，尋求持續營運及健全發展之資金規劃。截至110年8月初，VHQ已明確取得第一筆海外公司債(CB1)1500萬美元認購人之首肯，擬按最高達12個月之延長期間進行規劃。惟為求條件不得與第二筆海外公司債(CB2)人民幣1.5億，要求待CB2延期條件洽定後進行參考修正。VHQ表示，在與CB2認購人洽談過程中，雙方均朝向「不在此時進行贖回，給予公司回復及發展期間後再行贖回，並調整相關合約條件」之目標進行洽談。由於VHQ歷經近兩年之調整及改善，雖仍處於疫情衝擊期間，然整體資金流均達成正向現金流入並可順利營運。惟CB2認購人所提出之初版條件，除就目前現金流評估難以達成外，更將影響CB1條件亦同等提升，進而損及營運體質並錯失即將到來之市場反彈發展機會。因此VHQ於過程中持續與對方懇談，認購人亦初步同意可有調整空間。VHQ表示，截至目前雙方期望落差已逐漸縮小，惟仍就延長條件持續尋求共識中。由於協商結果牽動財務業務情況甚鉅，VHQ仍將積極審慎應對。VHQ指出，將引進策略夥伴之新資金挹注，足以對應國內外各項公司債之還款進度，並持續推進各項營運計畫之前行。VHQ表示，截至110年6月帳上現金及約當現金(含定存)約2.6億元，整體營運資金自給無虞，並持續達成正向現金流入。此外，今年上半年收回應收帳款約計4.45億元，其中來自曾經提列備抵之應收帳款金額約計9079萬元。<BR>"
"《台北股市》下市倒數 杜康-DR慘吞20根跌停",【時報-台北電】即將於8月底下市的杜康-DR（911616）17日再度打落跌停價位，股價「腰斬再腰斬」，已連續20個交易日跌停，超越近年基亞及普格的連19根跌停紀錄，自3.86元一路走跌到目前僅剩0.51元，波段跌幅近87％。杜康-DR日前因完成收購交易，導致不符合繼續上市標準，經證交所審議將於31日下市，由於溢價幅度過大，又面臨下市倒數計時，使得股價跌跌不休，從7月21日起即上演「溜滑梯」走勢，股價一路亮綠燈，近兩個交易日雖都見到跌停打開跡象，但仍未能消化市場賣壓，持續以跌停價位作收。值得一提的是，杜康-DR在苦吞20根跌停之後，股價從3.86元「打到骨折」，僅剩0.51元，對應新加坡掛牌價格仍呈現有8.51％溢價。法人指出，杜康-DR雖然溢價程度大幅收斂，有機會在近期終結連續跌停紀錄。不過，從盤面掛單情況來看，顯示持有杜康-DR的投資人大多仍是選擇在市場上賣出，且距離下市倒數只剩不到10個交易日，即便後續出現折價空間，研判進場承接買盤仍有限，股價恐難有起色。回顧台股近年上市櫃最長跌停表現，是由基亞自2014年7月28日因當時肝癌新藥解盲失敗，市場失望賣壓湧現，股價一路跌停至8月21日，以及先前普格掏空炒股事件，也在2012年10月24日至11月19日吞下連19根跌停，而此次杜康-DR則已連續20個交易日跌停作收，在下市前改寫歷史紀錄。此外，海外第一、第二上市櫃公司陸續傳出「爆雷」事件，導致股價頻頻重挫，近期VHQ-KY也因子公司海外可轉換公司債到期償債事宜未能具體說明，將採變更交易方式，17日股價也跳水跌停，收在16.5元，再創波段新低，對比2015年底首日掛牌收盤165元，相當於縮水只剩十分之一。（新聞來源：工商時報─記者陳昱光／台北報導）
"《光電股》明起正常交易 力特無感反跌停",【時報記者莊丙農台北報導】力特(3051)因每股淨值重回5元以上，明天起將擺脫全額交割股行列，重新恢復正常交易，不過，今天卻出現利多不漲，盤中重摔跌停。遠距需求帶動面板出貨，激勵關鍵零組件偏光片需求，明基材(8215)、誠美材(4960)等偏光片廠去年下半年以來獲利表現亮麗，其中，力特去年第3季轉虧為盈，今年第1季又有南科廠處分業外挹注，今年上半年稅後淨利7.02億元，每股稅後盈餘2.16元。毛利率部分，去年第4季重回20％，今年第1季及第2季分別為24.41％及22.5％，上半年毛利率為23.36％，較去年同期成長6.66個百分點，營業利益率來到12.85％，上半年營益率為10.54％，較去年同期成長6.73個百分點。今年第1季每股淨值已經回到5元以上，第2季每股淨值進一步提升至5.98元，連兩期每股淨值5元以上，解除全額交割股束縛。
杜康DR慘吞21根跌停後下市…投資股票怕淪為大韭菜？這3種「地雷跡象」要當心,"今年7月傳出經營失利消息，將於8月31日下市的DR股杜康（911616），不僅創下慘吞21根跌停、股價1個月內（截至8月27日）狂瀉近8成的驚人紀錄，還因未能履行「若下市將無限購回股東手中持股」的承諾，引發爭議，投資人只好組織自救會，向金管會、證交所陳情，爭取權益。總部設於河南的杜康控股有限公司，是一家以釀造、銷售白酒為本業的企業，2008年在新加坡交易所風光掛牌上市，並於2011年，來台發行台灣存託憑證（TDR），吸引許多看好白酒產業，相信杜康將成為中國白酒領導品牌的投資人追捧。豈料，號稱獲獎連連、於2013年成為中國外交部和200多家駐外大使館接待用酒的杜康，近年來經營績效卻每況愈下，為搶救積弱不振的業績，杜康決定進軍奇異果培植市場，還將公司更名為「中國神山果農控股有限公司」，但營運仍未見起色。▲杜康（現已更名為「中國神山果農控股有限公司」）近1年股價走勢。（圖：翻攝自Google Finance）2021年7月初，杜康出售對從屬公司的百分之百股權，導致營收大幅衰退，不符合台灣證交所繼續上市標準，依規定要求，將自2021年8月31日起，終止上市。當初備受期待的「中國白酒領導品牌」，如今竟走上下市一途，令投資人深感錯愕；事實上，早在杜康下市消息傳出前，其財務狀況，就陸續浮現「地雷跡象」，即使不下市，杜康疲弱的基本面，也難為股價提供有力支撐。跡象一：公司營收大幅衰退 管理層直言產業巔峰已過由杜康2018年報（截至2018年6月30日）可得知，該年度杜康營收年減68%，至人民幣1億4852萬元；淨損2億2203萬元，遠高於前一年度的1億1244萬元；代表公司本業成果的營業活動現金流，流出金額為人民幣1509.8萬元，且淨現金流為負。當時，杜康執行主席兼首席執行官周濤（於2021年7月辭職）就表示，受中國政府推動反腐禁奢運動影響，「中國白酒產業的黃金年代，在2013年達到頂峰後，突然停止了……近年來，白酒的生產出現了成長停滯，甚至在2017年呈現產量下跌狀況。」由此可知，在杜康經營層看來，中國白酒產業巔峰已過，且自2017年開始，產量便出現下滑跡象，這些情形，似乎已反映在杜康2018財年的財務狀況上。跡象二：財務狀況惡化 營業活動現金流持續流出2019財年，杜康營收較前一年度衰退6%，下滑至1億3965萬元，淨損人民幣6935萬元，營業活動現金流流出金額為人民幣1850萬元。周濤也在年報中，對投資人透露，為因應獲利能力下降、虧損等問題，「董事會提議出售虧損的白酒事業，並進入奇異果種植和加工行業。」2019年9月下旬，杜康發布重訊，稱公司已連續3個會計年度，出現稅前虧損，顯見其財務狀況，正持續惡化；2020財年，杜康營收年減近19%，降至人民幣1億1333萬元，淨損為人民幣7393萬元，營業活動現金流流出金額，則擴大至人民幣2000萬元以上，淨現金流依舊為負。▲杜康2018至2020財年營收表現。（資料來源：杜康2018、19、20年報，幣值皆為人民幣，記者林信男製表）跡象三：本業一百八十度大轉變 公司進軍「全新領域」杜康於今年7月5日宣布，在進軍奇異果培植市場、完成企業重組後（公司更名為「中國神山果農控股有限公司」，並將會計年度截止日期由6月30日，更改為12月31日），可望於短期內，扭轉虧損窘境，但觀察中國神山果農控股2021上半年財報，營收仍較前一年度衰退逾2%，且淨損有增無減。就杜康的案例來看，其營運表現不佳，並非短期現象，早在終止上市消息傳出前，就已出現營收大幅衰退、營業活動現金流持續流出，以及管理層直言產業巔峰已過，有意進軍全新領域等現象，且這些訊息，都可透過公開資訊觀測站取得。無論投資DR股或一般股票，除了關心股價變化外，基本面資訊也是極為重要的功課，唯有充分掌握，才能降低風險、持盈保泰，及早避開「地雷股」。"
立凱-KY股價跌停，自結7月每股虧損0.13元,"【財訊快報／記者戴海茜報導】磷酸系鋰電材料製造商立凱-KY(5227)因股價達有價證券公佈注意交易資訊標準，自結7月合併營收2300萬元，稅後損失1200萬元，較去年同期減少約50%，以股本9.21億元計算，每股虧損0.13元。 立凱電今天股價開低走低，盤中以29元跌停鎖住，近期股價波動過大，因此公佈自結7月業績。立凱電目前實收資本額為9.21億元，日前董事會通過減資3.21億元，減資後資本額為6億元，減資幅度為34.85%，減資調整後累積虧損降為1.13億元，立凱電指出，這對母公司與海外子公司募資進度與配合客戶於海外設廠，創造有利的募集資金條件。<BR>"
中國國常會要求穩定大宗商品價格，陸煤炭股盤中齊跌，冀中能源跌停,"【財訊快報／劉敏夫】外電報導指出，中國煤炭業者週四股價紛傳跌聲，其中冀中能源跌停，因中國國常會要求穩定大宗商品價格。 中國國常會提出更多運用市場化辦法穩定大宗商品價格，保障冬季電力、天然氣等供給。當地時間10:17，冀中能源(000937 CH)下跌10%，鄭州煤電(600121 CH)下跌3.6%，山西焦化(600740 CH)下跌3.8%，中煤能源(601898 CH)下跌5%。"
"南韓大股東申讓持股3,800張，富邦媒股價臉綠打入跌停","【財訊快報／記者陳浩寧報導】富邦媒(8454)第二大股東南韓WOORI HOMESHOPPING24日申報轉讓3,800張持股，在大股東出脫持股消息影響下，富邦媒今日股價開低走低，盤中股價打入跌停，最低來到1765.0元，跌幅達9.95%。 「WOORI HOMESHOPPING CO., LTD.」為富邦媒初始大股東，24日公告申讓富邦媒3,800張持股，而富邦媒近年股價飆漲，今年9月更飆破2,000元大關，坐上台股第三高價股寶座，以24日收盤股價1,960元計算，粗估大股東將大賺超過60億元，而在申讓後目前仍持有逾1.44萬張。雖有大股東申讓持股訊息，但富邦媒即將迎來第四季的傳統旺季，除雙11、雙12強檔加持外，隨各大百貨周年慶陸續開跑，電商專櫃美妝買氣也蓄勢待發，旗下momo購物網今年品牌強檔陣容集結超過600家專櫃美妝，預估今年momo美妝周年慶在各大品牌陣容與優惠好禮助陣下，可望推升銷售年成長超過6成。<BR>"
"《大陸股市》週期股現跌停潮 陸股倒地",【時報-台北電】29日陸股賣壓大，開盤下挫，滬深指數一度跌逾2%。豬肉、養殖業板塊拉升走強；前一日大漲的油氣和電力板塊集體大幅回檔，鹽湖提鋰、鴻蒙概念等板塊下挫。午後指數繼續下跌盤整，三大指數跌幅全面超過1%。銀行股逆勢拉升難以救盤；煤炭、鋼鐵、有色、化工、造紙等週期板塊集體大跌。石油承受賣壓，中國石油、中國石化、中曼石油、藍焰控股、博邁科等多股下挫。收盤，滬指報3536.29點，跌1.83%，成交額為5111億元；深成指報14079.02點，跌1.64%，成交額為5667億元；創指報3175.15點，跌1.13%，成交額為1929億元。（編輯整理：張嘉倚）
"《台北股市》貨櫃三雄跌停 法人多空論戰","【時報-台北電】貨櫃航運三雄長榮、陽明及萬海從今年7月就開始上演利多不漲劇本，直到9月30日上海集裝箱運價指數（SCFI）終止連20周上漲利空襲來，又逢美股重挫，貨櫃三雄1日全數打至跌停，法人圈也掀起多空論戰，擁護者持續看好第四季獲利攀高峰，保守者認為塞港緩解，第四季運價恐走跌。「利多不漲、利空跌停」為貨櫃航運股近期寫照，下半年當航海王的投資人，持股情緒相當哀怨。今年以來貨櫃航運利多消息匯集，不是運價頻創高峰、營收、單季獲利創新高及上調獲利等，就是塞港無解、運力供需吃緊及國際間貨櫃航商看好產業榮景延續到2022年等，但長榮、陽明及萬海股價自7月高點反轉後就是利多不漲，市場歸咎在籌碼凌亂與當沖退潮等因素。然運價終於有轉弱的時刻，大陸實施限電重大利空，預期未來出口貨物減少，30日SCFI運價指數在連漲20周後首次出現下跌，為4,614.1點，周跌29.69點，跌幅0.63％，遠東到美東航線運價更周跌超過6％，不過仍維持在每FEU達11,250美元的歷史高峰附近。台股1日跳水重挫363.88點，雖然貨櫃三雄盤中跌幅一度有限，當市場認為利空出盡之際，未料近11點空方力道加劇，終場全數鎖住跌停，三大法人站在賣方。長榮1日下跌12.5元，跌幅9.92％，收在113.5元。陽明下跌11.5元，跌幅9.62％，收在108元。萬海下跌20元，跌幅9.83％。法人圈對貨櫃航運市場也掀起多空論戰。統一投顧依舊看好，認為歐美消費力道仍強，補庫存需求旺盛，美洲線塞港狀況惡化，船舶周轉率偏低、運輸供應鏈運轉不順等問題使運力供給持續受限，第四季淡季不淡，獲利攀高峰。（新聞來源：工商時報─記者王淑以／台北報導）"
"《光電股》籌碼面干擾 一詮觸跌停","【時報-台北電】一詮（2486）上周召開法說會釋出相對樂觀展望，預期明年除了TV背光產品之外，各事業毛利率可望優於今年，堪稱轉型最成功的LED供應鏈，然而法說會之後，一詮股價連番重挫，今（4）日持續數度亮燈跌停，法人臆測，一詮融資使用率仍超過50％，從最高峰僅減少2243張，加上外資上周持續賣超，籌碼面因素可能是干擾股價主因。根據統計，截至上周五為止，一詮的融資使用率達54.19％，上星期五融資還增加65張，加上外資上周五也大賣1165張，且呈現連續性賣超，累計單周大賣一詮5221張，衝擊一詮股價表現。一詮近幾年持續轉型，原定去年轉盈，但受到東貝拖累，遞延至今年開始轉虧為盈，今年上半年每股盈餘達1.06元，除了均熱片、IC導線架均打入國際級客戶之外，LED導線架也轉向需求不斷往上竄的光耦合器導線架，目前陶瓷電路板、LED導線架分居毛利率一、二，其中陶瓷電路板以車用、高功率照明為主要成長動能。（新聞來源：工商即時 李淑惠）"
"【台股盤後】貨櫃三雄又跌停 台股下跌162點回測16400點","（中央社記者鍾榮峰台北2021年10月4日電）中國恆大集團在港股無預警停牌衝擊、加上貨櫃三雄再度跌停作收、電子權值股弱勢，台股今天終場下跌162點，回測16400點。法人指出台股籌碼面仍凌亂，量能退潮、內資退場觀望，第4季區間震盪格局。儘管美股四大指數收紅、台股早盤一度大漲逾百點，不過盤中電子權值股翻黑，貨櫃三雄長榮、陽明、萬海急殺再鎖跌停，加上鋼鐵和造紙等傳產股走弱，台股持續下探低點到終場。終場台股加權股價指數下跌162.54點，收在16408.35點，跌幅0.98%，今天成交值萎縮不到新台幣3000億元、來到2995.41億元，電子股成交值約1307億元，占比約43.6%，航運股成交值約908億元，占比約30.3%。電子股今天下跌0.8%，金融股小跌0.31%，主要電子權值股弱勢整理，晶圓代工龍頭台積電 (2330) 終場收在572元，小跌0.35%，聯電終場收在60.8元、下跌2.88%，鴻海收在平盤103元，日月光投控收在103.5元，下跌4.17%；台達電 (2308) 收在240元，跌3.23%。IC載板大廠南電 (8046) 收在401.5元，下跌5.08%，景碩 (3189) 跌破200元大關，收在191元，下跌4.74%，欣興 (3037) 收在122.5元，下跌3.92%。航運股終場大跌7.37%，其中萬海 (2615) 收在跌停165.5元，長榮 (2603) 收跌停102.5元，陽明 (2609) 收跌停97.2元。貨櫃三雄10月一開始連2個交易日跌停，跌幅超過18%。鋼鐵股今天下跌2.97%，造紙跌3.38%。展望台股後市，台新中國通基金經理人魏永祥表示需觀察Delta病毒後續是否影響經濟復甦、並留意美國聯準會（Fed）是否提前縮減購債和量化寬鬆（QE）及規模，若提前縮減購債，市場震盪恐加大；另外也須關注供應鏈長短料狀況。魏永祥指出，整體來看，台股基本面、評價面仍屬正面，企業獲利仍處上修循環，台股指數下檔有支撐；不過8月以來融資餘額減肥幅度不大、當沖比例偏高，籌碼面依舊凌亂，此外台股量能退潮、內資退場觀望，除非新台幣升值明顯，預期第4季台股區間震盪格局。"
永豐期貨：貨櫃三雄跌停壓盤，台股回防16400大關,"【財訊快報／編輯部】台指期週一下跌157點至16361點。價差方面，台指期逆價差縮至-47.35點，電子期逆價差擴至-3.62點，金融期逆價差縮至-1.68點。現貨部分，三大法人賣超44.08億元；而在台指期淨部位方面，三大法人淨空單減少1621口至-3661口，其中外資多單加碼且空單減碼，淨空單減少1880口至-11157口；十大交易人中的特定法人全月份台指期淨空單增加477口至-6298口。 上週五美國默克藥廠宣布口服新冠藥取得正面結果，利多消息提振下，美股四大指數全數收紅，道瓊上漲 1.43%，標普500上漲1.18%，那指上漲0.82%、費半上漲0.09%。台股今開高後，隨即賣壓湧現，翻黑震盪走低，加上盤中受恆大無預警停牌影響，大盤一度下跌近兩百點，終場收16408.35點。電子權值股表現疲弱，台積電一路盤下震盪，下跌0.35%，收572元，聯電開高走低，收60.8元，貨櫃三雄延續上周跌勢，連兩個交易日跌停作收，而隨著國旅管制近一步鬆綁及五倍券上路在即，提振觀光股走揚，鳳凰上漲3.39%、雄獅大漲逾半根漲停。整體來看，台股KD指標持續偏空下行，月季線呈空頭排列，上檔壓力大，多方走勢轉弱，投資人宜做好停損停利以防短期波動。選擇權未平倉量部分，買權未平倉最大量集中在18000點，賣權未平倉最大量集中在15000點。全月份未平倉量put/call ratio值由0.84升至0.85。VIX指數上漲0.86至25.4。整體選擇權籌碼面中性。<BR>"
中國發出干預信號後，鄭商所動力煤期貨夜盤延續跳水趨勢，並觸及跌停,"【財訊快報／陳孟朔】鄭州商品交易所動力煤期貨在週三夜盤交易中急挫11%，觸及跌停，延續24小時前由政府可能干預價格引發的跳水趨勢。 中國國家發改委週二下午召開專題座談會，研究依法對煤炭價格實施干預措施，促進煤炭價格回歸合理區間，促進煤炭市場回歸理性，確保能源安全穩定供應。該消息令動力煤在週二晚間下跌8%，這是週三交易日的一部分。週三晚間的續跌意味著交投最活躍動力煤期貨期約最新報價較週二觸及的每噸1,982元人民幣的紀錄高位，急瀉近20%。但今年迄今，受惠強勁需求，該期約仍飆升200%以上。動力煤是中國主要的發電燃料。大連商品交易所週三夜盤初段，煉鋼原料焦煤和焦炭期貨分別急挫逾10%和逾8%。"
中國動力煤期貨連續三天夜盤跌停，遏制煤炭高價行動見成效,"【財訊快報／陳孟朔】中國動力煤期貨週四連續三天出現夜盤跌停，中國政府抑制高企煤炭價格的行動繼續取得成效。 鄭州商品交易所1月份交割的交易最活躍的動力煤合約開盤時跌至每噸人民幣1,365元(約213美元)，觸及14%的最大跌幅限制。這比週二締造的紀錄高點足足大跌逾31%。截至1308 GMT，該合約小幅回升至1,439元，跌幅縮小至9.4%。中國國家發改委週四宣布，為加強煤炭市場價格監管，研究對煤炭價格進行幹預的具體措施，發改委組織開展煤炭生產、流通成本和價格專項調查，詳細瞭解煤炭生產企業成本情況、銷售價格，貿易企業煤炭購進和銷售價格，煤炭流通費用，用煤企業採購價格等相關情況。針對近期煤炭價格快速上漲，大幅推高下遊行業生產成本，國家發改委週二下午召開專題座談會，研究依法對煤炭價格實施幹預措施，促進煤炭價格回歸合理區間，促進煤炭市場回歸理性，確保能源安全穩定供應。<BR>"
胰臟癌三期解盲失利，杏輝、杏國股價跳空跌停,"【財訊快報／記者何美如報導】杏輝(1734)子公司杏國新藥(4192)治胰臟癌新藥SB05PC(EndoTAG-1)三期臨床試驗，未能成功解盲，今日開盤股價一如預期以跌停開出，委賣張高掛2萬張，杏輝股價也同樣跌停鎖死，委賣張高達2.6萬張。 從杏輝來看，其持杏國股權約62%，迄今已投資杏國約17.7億元，不過，很多的研發投入早已費用化，根據已公告之第二季財報顯示，期末持有杏國的帳面金額佔杏輝個體總資產不逾9%，而本次臨床試驗項目僅為杏國新藥開發產品之一。杏輝每年本業獲利約4億左右，先前因為要養杏國，根據會計準則，雖然帳上有錢也不能發股利，現在發展到一個階段，明年起杏國影響會大幅降低，杏輝合併獲利將轉正，就能重新發放股利。而杏國SB05PC(EndoTAG-1)三期臨床試驗期末統計分析結果，主要療效指標延長胰臟癌患者整體存活期(Overall survival, OS)與無惡化存活期(Progression-free survival, PFS)未達到統計學上顯著意義。杏國指出，有發現一些有利個案，未來會針對次族群進一步探討，尋求Conditional Approval的可能性。"
"《熱門族群》胰臟癌新藥解盲失利 杏國、杏輝淚鎖跌停",【時報記者郭鴻慧台北報導】杏國(4192)花了6年時間，燒了20億元研發的胰臟癌新藥解盲失利，失望賣壓蜂擁而出，今日與母公司杏輝(1734)一起跌停鎖死，賣單有2.1萬張、1.6萬張急著想要排隊脫手。原先市場對杏國研發中新藥SB05PC全球胰臟癌三期試驗解盲結果有所期待，股價自8月的50.6元起漲，短短2個月時間，股價狂飆1.5倍。昨日下午解盲宣告失敗，主要療效指標未具顯著差異，雖然公司將繼續完成臨床試驗報告，待臨床試驗結束後，再依臨床試驗數據進行細部分析及討論，定訂後續開發策略，投資人並不買單，今日以跌停板122.5元開出，至9:40，成交量僅有22張，但有2.1萬多張的賣單想要拋售。杏輝持有杏國股權約62%，每年大約有4億元左右的獲利養杏國，昨日杏國解盲失利後，董事長李志文說，接下來花費就不會這麼多，預期明年度獲利就能正常的呈現。此次臨床試驗項目只是杏國開發產品之一，若扣除杏國損失後，集團仍在持續的獲利與成長中，此次臨床統計分析結果對杏輝醫藥集團的影響有限。今日杏輝以跌停板35.4元開出，至9:40，成交量僅有477張，但有4萬多張的賣單想要脫手。
"新藥三期解盲失利 衝擊杏輝杏國跌停","（中央社記者韓婷婷台北2021年10月22日電）杏輝 (1734) 集團旗下杏國 (4192) 研發的胰臟癌新藥SB05PC三期臨床試驗，昨天公布解盲結果，主要療效指標未達到統計學上顯著意義，衝擊杏輝及杏國今天股價雙雙跌停。受解盲失利衝擊，杏輝今天以跌停價35.4元開出，跌停委賣掛單超過4萬張；杏國同樣以跌停價開出，122.5元跌停價委賣張數掛單超過2萬張。杏國表示，根據解盲數據結果顯示，主要療效指標延長胰臟癌患者整體存活期（Overall survival, OS）與無惡化存活期（Progression-free survival, PFS）未達到統計學上顯著意義；將會繼續完成臨床試驗報告，待臨床試驗結束後，再依臨床試驗數據進行細部分析及討論，訂定後續開發策略。杏輝集團、杏國董事長李志文昨天在重大訊息記者會表示，杏輝持有杏國超過62%股權，SB05PC為杏國於2015年自德國合作夥伴Medigene公司技轉授權得來，杏輝6年來投資杏國約17.7億元，杏國本身在該款胰臟癌新藥投入的費用約20億元；若加計德國合作夥伴初期投入的費用，總計19年來投入了近百億元資金。李志文表示，根據杏輝已公告的財報顯示，杏輝期末持有杏國的帳面金額占杏輝個體總資產不超過9%，此次臨床試驗項目僅為杏國新藥開發產品之一，且若扣除杏國損益後，集團仍在持續獲利與成長中，因此本次臨床統計分析結果對杏輝醫藥集團的影響有限。"
"議價能力轉弱毛利率恐有壓 盛群一度重挫跌停","（中央社記者張建中台北2021年10月26日電）微控制器（MCU）市況趨緩，產品議價能力轉弱，法人憂心盛群 (6202) 毛利率恐將自高檔滑落，衝擊股價一度重挫跌停，連帶影響新唐等MCU族群股價紛紛走跌。盛群25日舉行線上法人說明會，對第4季營運展望保守，預期今年營運將於第3季達到高峰，第4季業績可能較第3季滑落。較受市場關注的是，晶圓代工廠第4季持續調漲代工價格，基於市場競爭考量，盛群並沒有跟進調漲產品售價的打算。法人憂心盛群毛利率恐將自高點滑落。盛群今天在市場賣壓出籠下，股價開低走低，一度跌停，達新台幣107元，下跌11.5元。新唐 (4919) 一度達126.5元，下跌13元；松翰 (5471) 達83.7元，下跌2.7元。"
"《生醫股》杏國新藥3期解盲失利 摔第4根跌停","【時報-台北電】杏國（4192）因胰臟癌新藥第3期解盲失利，於10月22日復牌後，與母公司杏輝（1734）同步跳水跌停，杏國今（27）日摜殺第4根跌停，杏輝於26日盤中第3根跌停後打開，今天翻紅小漲，守穩在29元之上。杏國股價從7月約46元起漲，8月及9月漲幅都各超過八成及四成，10月來轉為下跌逾三成。今年上半年每股稅後純損1.42元；杏輝7月起漲價在約28～29元附近，近來連跌後股價已回到約起漲區。今年上半年每股稅後純益（EPS）為0.06元。（新聞來源：工商即時 呂淑美／台北報導）"
"《歐股》陸打原物料 煤炭三劍客跌停 歐礦業股摔","MoneyDJ新聞 2021-10-28 06:29:26 記者 陳苓 報導中國出手打壓原物料，傷及歐洲礦業股。另外，歐企財報優劣互見，即將登場的歐洲央行(ECB)會議也讓投資人感到不安，泛歐指從接近空前高點滑落。週三(27日)泛歐STOXX 600指數下跌0.36%(1.70點)、收474.04點。歐洲三大指數盡墨，英國FTSE 100指數下跌0.33%(24.35點)、收7,253.27點。德國DAX指數下跌0.33%(51.25點)、收15,705.81點。法國CAC指數下跌0.19%(12.99點)、收6,753.52點。週三中國煤炭三劍客：動力煤、焦煤、焦炭，主力合約均吃下跌停。主因中國發改委指稱，產煤大省存在大量無證照存煤場所，要對未經批准以及未辦理用地、環保、安全等手續的存煤場所依法取締，嚴厲打擊利用違規存煤場所囤積居奇、哄抬煤價等非法牟利行為。金屬價格跟跌，歐洲礦業股下挫1.9%。財報方面，德意志銀行(Deutsche Bank)營收降低，但是表現仍優於市場預期，並連續5季出現獲利，股價收跌6.9%。法國支付業者Worldline暴跌15.9%，該公司財報和財測均令人失望。交易員聚焦歐央週四會議，預料官員會維持寬鬆，並淡化處理市場的通膨展望。儘管如此，決策者正在考量明年3月疫情緊急購債計畫結束後的下一步，通膨預期提高，可能會對央行造成壓力。德國運動用品大廠Puma上揚3.6%，該公司警告越南封城、塞港、貨櫃短缺傷害供應鏈，但是仍調高了2021年銷售展望，增幅從20%上調至25%。＊編者按：本文僅供參考之用，並不構成要約、招攬或邀請、誘使、任何不論種類或形式之申述或訂立任何建議及推薦，讀者務請運用個人獨立思考能力，自行作出投資決定，如因相關建議招致損失，概與《精實財經媒體》、編者及作者無涉。"
滬鋁週三收挫4.6%連六黑，觸及近10週低點，鄭州動力煤期貨跌停,"【財訊快報／陳孟朔】上海期鋁週三跌至近10週低位，倫敦期鋁則跌至八週低點附近，因煤價下挫緩解有關鋁金屬供應短缺擔憂。煉鋁為能源密集行業，受中國限電危機重創，使鋁價近來與煤價同步走高。 但鄭州動力煤期貨週三下跌10%跌停，因中國國務院稱推動重點用煤行業減煤限煤，且中國發改委週二要求嚴厲打擊利用違規存煤場所囤積居奇、哄抬煤價等非法牟利行為。上海期交所主力12月期鋁盤中挫跌5%，觸及人民幣20,065元(下同)，為8月20日以來最低。終場收在20,135元，跌幅小縮但仍大跌4.6%，且連續第六日收低。倫敦金屬交易所(LME)三個月期鋁跌幅高達3.8%，跌至9月3日以來低點每噸2,723美元。ING分析師在一份報告中說，「煤炭價格下滑是一個短期成效。儘管如此，煤炭和其他能源的供應是否能最終滿足家庭需求這個首要任務，然後讓工業全面運作，還有待觀察。距離供暖季只有兩週左右，這可能是一個試金石。」LME現貨鎳價較三個月期約每噸溢價125美元，顯示近期供應緊張，因為LME倉庫的現成庫存下降。滬銅跌2%至每噸70,560元，滬鎳跌2.6%至148,340元，滬鋅下跌2.7%至23,895元。"
穆迪稱地產業陷負面信貸循環，中國地產股早盤疲弱，陽光城跌停,"【財訊快報／陳孟朔】儘管中國地產巨擘恆大傳出將兌付一筆美元債利息，第二次避免出現違約，但房產稅試點近期遭遇「連綿陰雨」的中國地產類股週五早盤跌勢加速，滬深300地產指數急殺近4%，寫下連五黑紀錄。與此同時，國際信評機構穆迪稱中國房地產行業陷入負面信貸循環。 中國房企--陽光城(深股代碼000671)早盤跌停，因公司兩位董事對第三季投反對票，且惠譽下調其評級。《21世紀經濟》報導，陽光城公布第三季財報，遭遇兩名泰康系委派的董事投反對票，理由為對於公司第三季所表現的公司經營惡化，需要得到管理層合理解釋。參與投票的有12名董事，雖然陽光城這份季報還是以10票讚成的通過發出，但該公司季度經營狀況被巨額債務壓力拖累的現實終被擺上檯面。與此同時，新城控股(滬股代碼601155)、金地集團(滬股代碼600383)和保利發展(滬股代碼600048)跌幅介於3.4-4.2%。債務危機漩渦中央的中國恆大(港股代碼3333)高開低走挫跌0.8%，因消息人士透露公司已兌付一筆美元債利息。與此同時，穆迪表示，中國房地產行業陷入負面信貸循環，融資渠道的嚴格收緊，降低中國房地產開發商的流動性，增加再融資風險。有鑑於中國政府高度重視降低系統性風險，融資渠道不太可能放寬；除非中國開發商能夠大幅降低槓桿率並償還到期債務，否則市場信心不太可能恢復。上週六中國全國人大常務委員會授權國務院在部分地區開展房地產稅改革試點，國務院將按照積極穩妥的原則確定試點地區。此次試點是為積極穩妥推進房地產稅立法與改革，引導住房合理消費和土地資源節約集約利用，促進房地產市場平穩健康發展。<BR>"
鋼鐵生產控制及下游消費低迷，中國鐵礦石期貨早盤觸及跌停,"【財訊快報／陳孟朔】中國指標鐵礦石期貨週二早盤下挫，觸及跌停，為近一年來首次跌破每噸人民幣600元(約93.75美元)，因供應狀況寬鬆，而需求前景不佳。 澳洲和巴西主要礦商的出貨量一直穩定在相對較高的水平。我的鋼鐵(Mysteel)諮詢公司的數據顯示，截至11月1日，這兩個國家的鐵礦石出口增加近100萬噸，達到2,396萬噸。數據也顯示，本週中國45個港口的鐵礦石庫存躍升至1.465億噸，較前一週增加405萬噸。然而，由於鋼鐵生產控制和下游消費低迷，原材料需求仍然冷清。中鋼期貨在一份報告中寫道，「受供暖季和冬奧會(管制)影響，鐵水產量難以增加，中短期內可能保持疲軟。」金瑞資本投資有限公司分析師卓桂秋也指出，與過去兩年的同期相比，鐵水日產量要低得多。「由於房地產市場和基礎設施建設不景氣，鋼鐵產品消費也沒有達到市場預期。」大連商品交易所交易最活躍的1月鐵礦石期貨觸及跌停，重挫10%至每噸565.5元人民幣，為2020年11月18日以來的最低水平。GMT 0320，大商所焦煤期貨跌1.4%至每噸2,192元。焦炭價格小漲0.1%至每噸2,967元，盤初最高大漲5.1%。上海期貨交易所螺紋鋼暴跌7.3%至每噸4,264元；熱軋卷板挫跌6.5%至每噸4,608元，不鏽鋼期貨跌1.9%至每噸18,540元。"
中國疫情升溫，多所學校停課，滬深兩市午後跌幅擴大，中國中免跌停,"【財訊快報／林浩博】外電報導，隨著中國本土新冠疫情升高，北京下令18間學校停課，指標性的滬深300指數週二聞聲下挫，盤中一度下跌1.9%。 免稅龍頭中國中免(601888 CH)罕見閃崩跌停，僅半日市值蒸發逾500億元人民幣。截至目前，該公司市值已從高點蒸發近3,000億元人民幣。上證指數的跌幅也擴大至1.9%，深圳創業板指回吐此前1.2%漲幅而來到平盤。大華繼顯的執行董事Steven Leung表示：「投資人憂心北京的防疫措施將降溫中國經濟活動，從而傷害復甦。」<BR>"
"愛普短期出貨恐受晶圓短缺影響 股價一度跌停","（中央社記者張建中新竹2021年11月3日電）記憶體設計廠愛普 (6531) 對短期營運展望保守，預期出貨恐將受到半導體晶圓短缺影響，引發市場失望性賣壓出籠，衝擊股價一度重挫跌停。愛普2日舉行線上法人說明會，董事長陳文良表示，物聯網及人工智慧事業部客戶的需求因半導體晶圓短缺而減緩，已影響愛普9月營收表現，目前情況沒有好轉，將持續影響短期出貨動能。陳文良指出，2022年需求強勁，但營收成長能見度不如往年，期待供應鏈能回歸正常。愛普短期營運展望保守，引發市場失望性賣壓出籠，今天股價開低走低，盤中一度重挫跌停，達新台幣518元，大跌57元，跌幅9.91%。"
工具機雙雄遭外資降目標價，亞德客早盤一度跌停，上銀力守300元關卡,"【財訊快報／記者戴海茜報導】工具機雙雄亞德客-KY(1590)及上銀(2049)上週五同步公布第三季季報及10月營收，儘管亞德客第三季及前三季獲利創同期新高，上銀第三季獲利大增逾倍創3年來高點，但今天多家外資調降目標價，兩檔股價開盤走勢疲軟，亞德客早盤一度跌停，上銀盤中跌幅過半，力守300元整數關卡。 亞德客第三季每股盈餘達8.47元，創同期新高；累計前三季每股盈餘為25.59元，創史上新高。自結10月營收為15.91億元，月減26.44%，年增3.55%，為歷年同期新高。亞德客指出，氣動產業需求仍處於向上循環，接單仍高於出貨，但因大陸國慶假期工作天數較少，近期又有限電措施導致出貨減少，使得10月營收較上月下滑較多。上銀第三季稅後淨利13.57億元，季增29%，年增46.5%，每股盈餘3.98元，創12季來新高，優於上季3.09元及去年同期2.9元。累計前三季每股盈餘8.63元，大幅優於去年同期4.15元。自結10月營收為24.11億元，年增22%，月減3.58%。上銀指出，大陸這兩個月受到限電影響，接單趨緩，但歐洲、美洲、日本及韓國接單仍相當旺盛，目前整體市場仍屬於供不應求，仍看好明年展望。隨著汽車電動化後，滾珠螺桿應用在會越來越多，預期上銀2022年第四季到2023年第一季出貨會放量。今天多家外資在最新出爐的報告中多維持原先評等，但多家下修原先目標價；其中美系外資將亞德客評等由原先的「加碼」調降至「中立」，目標價由1200元下修至770元；亞系外資由原先的「買進」調降至「優於大盤表現」，目標價由1100元下修至1000元；日系外資重申「買進」評等，目標價由1233元下修至1082元。美系將上銀評等由原先的「加碼」一口氣調降至「減碼」，目標價由440元下修至260元。亞系外資重申「買進」評等，目標價由425元下修至360元；日系外資重申「買進」評等，目標價由465元下修至415元；另一家亞系外資重申「劣於大盤表現」評等，目標價由344.95元下修至320元。美系外資表示，調降亞德客評等及目標價主要是由於電力短缺影響客戶的生產，自8月和10月以來，訂單年增長放緩至4%。至於調降上銀評等及下修目標價主要是因為預估價格不會進一步上漲，並且穩定的交貨時間意味著供應平衡。"
"晶片荒、xEV減產 銅箔廠日本電解砍獲利、一度跌停","MoneyDJ新聞 2021-11-11 11:37:37 記者 蔡承啟 報導因晶片荒、xEV廠減產，衝擊需求，日本電解銅箔專業廠商日本電解(Nippon Denkai、5759.JP)下砍年度獲利目標，拖累今日股價暴跌、一度亮燈跌停。根據Yahoo Finance的報價顯示，截至台北時間11日上午11點30分為止，日本電解暴跌11.0%至4,125日圓，稍早一度重摔至3,935日圓、亮燈跌停。日本電解10日於日股盤後發布新聞稿宣布，因全球晶片短缺、零件供應鏈停滯，導致xEV(電動化車款)廠商減產，加上晶片短缺、美中貿易談判長期化，造成來自智慧手機的需求低迷，拖累該公司產品需求遜於原先預期，因此將今年度(2021年4月-2022年3月)合併營益目標自原先預估的13.04億日圓下修至10.51億日圓(將年增99.4%)、合併純益目標也自8.73億日圓下修至8.43億日圓(將年增335.9%)，合併營收則因銅材料價格揚升幅度高於產品數量減少幅度、因此自188.60億日圓上修至202.82億日圓(將年增39.1%)。日本電解將今年度產品產量目標自1萬2,512噸下修至1萬1,885噸，銅價目標自760日圓/kg上調至1,080日圓/kg。日本電解同時公布上季(2021年7-9月)財報：合併營收較去年同期大增56.4%至51.79億日圓、合併營益暴增148.1%至3.13億日圓、合併純益自去年同期的虧損0.76億日圓轉為盈餘2.42億日圓。上季期間，日本電解車載電池用銅箔銷售額較去年同期大增42.1%至33.81億日圓、印刷電路板(PCB)用銅箔銷售額暴增92.7%至17.94億日圓。上季日本電解產量較去年同期大增24.1%至3,181噸。＊編者按：本文僅供參考之用，並不構成要約、招攬或邀請、誘使、任何不論種類或形式之申述或訂立任何建議及推薦，讀者務請運用個人獨立思考能力，自行作出投資決定，如因相關建議招致損失，概與《精實財經媒體》、編者及作者無涉。"
"《航運股》長榮一度跌停 匯豐逆勢喊買","【時報-台北電】長榮（2603）10月營收再創新高，股價11日卻一度打至跌停，匯豐證券直指，繼第三季旺季，長榮迎來異常繁忙的第四季，接下來因農曆年前運輸需求浮現，加以港口持續雍塞，預期運價將會再創新高，給予「買進」投資評等與185元股價預期，逆勢送暖。長榮無懼大陸十一黃金周假期、限電與美國塞港等利空，10月營收繳出月增7％、創單月新高佳績。匯豐證券指出，相比2012～2020年時同月分平均月減3％表現，長榮10月營收顯得格外料眼，並超越陽明、萬海等同業。儘管長榮有基本面利多加持，股價11日午盤後卻風雲變色，一度遭打到跌停，與另兩檔航運指標股陽明、萬海同遭賣壓侵擾。惟外資圈人士說，觀察國際資金11日對長榮才微量賣超1,594張，對陽明甚至還買超1,192張，可見國際資金動向並不是股價壓力來源，反而是反彈後的獲利了結賣壓、或是放空的籌碼大舉出動，方為股價急殺元兇。回歸第四季營運前景，全球大型航商赫伯羅特在最新財測中指出，第四季營運動能可能比第三季更強；另一指標航商馬士基也認為，第四季甚至2022年第一季營運狀況都可能像第三季一樣強勁。儘管現貨運價暫時出現修正，但匯豐提出，2022年1月下旬就會遇到農曆年，託運客戶將及早訂下運能，且因運力短缺，研判運價未來幾周就有衝上新高可能。匯豐證券基於運價提高預期，對長榮2021年獲利預估值從2,000億元，調升為2,390億元，隱含第四季獲利達806億元，與第三季的約800億元高水準持平。值得注意的是，受惠2021年獲利亮眼，外資估計長榮全年每股純益可超越45元，匯豐提出，若以75％配息率計算，2021年度現金股利可望有34元之多，換算現金殖利率高達28％。展望2022年，統一投顧預期，因零售商庫存水位偏低，持續推動補庫存需求，美國西岸碼頭工人工會（ILWU）合約將於2022年6月到期，過往ILWU合約談判前夕曾出現怠工事件，預料部分貨主將提早備貨因應，看好農曆年後貨載需求回升行情，因此，高運價現況將至少延續至2022年第二季。整體而言，考量高運價環境較預期延續更長久，長榮為全球前十大航商當中新增運力布局最為積極者，待交船數量為78艘，新增運力達65.57萬TEU，將得益於2022年運價高檔，新船投入將使獲利動能相較於同業更為強勁。（新聞來源：工商時報─記者簡威瑟／台北報導）"
"康控-KY前3季每股大虧20.13元 股價跳空跌停","（中央社記者韓婷婷台北2021年11月16日電）康控-KY (4943) 因產品品質及責任歸屬與客戶認知有差距，應收帳款遲未入帳，基於保守原則在第3季一次認列高達新台幣26.3億元預期信用減損，導致前3季每股虧損20.13元，今天開盤跳空跌停46.1元。康控-KY今天股價以跌停價46.1元跳空開出，跌停及市價委賣張數合計高掛逾6600張。康控-KY於15日晚間針對財報狀況舉行重大訊息說明記者會，財務長黃翹生表示，由於與銷售客戶間存有產品品質或責任歸屬等雙方認知上的差距，疫情期間溝通不是很順利，基於保守原則，積極採取一次性認列，認列內容主要是去年的產品，今年相對較少；目前持續與客戶溝通協商，會在最快時間內將後續協商方向及結果公布。黃翹生表示，目前正與客戶持續協商中，未來會採取一切可能措施爭取股東的最大利益。截至目前為止，仍認為有全數收取銷售款項權利，因此不影響過去各期營收的認列；雖然有此項爭議，但與客戶的合作關係不會因此改變。康控-KY今年第3季營收10.39億元，稅後虧損27.38億元，每股虧損達17.49元；累計前3季營收23.39億元，稅後虧損31.51億元，每股虧損20.13元。（編輯：張良知）"
"康控-KY虧損股價跌停 金管會：9月已列財務重點專區","（中央社記者謝方?台北2021年11月16日電）康控-KY (4943) 第3季一次認列高達新台幣26.3億元預期信用減損，導致前3季每股虧損20.13元，今天開盤股價跳空跌停。金管會表示，康控-KY9月已列財務重點專區，也已要求康控-KY定期公告高流動性資產等財務資料。康控-KY因產品品質及責任歸屬與客戶認知有差距，應收帳款遲未入帳，於第3季一次認列26.3億元預期信用減損，今天開盤股價即跳空跌停。金管會證期局副局長蔡麗玲今天在例行記者會表示，自今年第2季開始，KY公司財報自核閱制改為須經會計師查核簽證，在更嚴謹新制上路後，金管會也督導證交所強化對KY公司財報審閱；針對康控-KY第2季財報，證交所已有請公司和會計師說明第2季預期信用損失評估和會計處理妥適性。蔡麗玲指出，考量康控-KY財務收入、營業收入和稅前淨利比去年同期衰退，證交所自9月開始已把康控-KY列入財務重點專區，並要求康控-KY逐月定期公告高流動性資產、短期借款和一年內到期的長期負債等相關財務資料，供投資人參考。此外，針對康控-KY提到打銷高額應收帳款的說法，證交所也會和公司及會計師進一步了解。先前KY股頻頻暴雷，自2020年8月開始，金管會陸續督導證交所和櫃買中心，強化第一上市櫃公司的公司治理職能、專家監督職能等面向，並加強注意第一上市櫃公司財業務情形。截至今天為止，111家第一上市櫃公司中，有34家公司財業務達預警指標，包含康控KY在內的20家第一上市公司、14家第一上櫃公司。蔡麗玲表示，相關資訊都揭露在公開資訊觀測站的財務重點專區，提醒投資人注意相關風險。觀察整體第一上市櫃公司前3季獲利，今年前3季累計稅前淨利達844億元，年增53.18%，單看第3季稅前淨利298億元，年增24.17%。蔡麗玲強調，大多數第一上市櫃公司營運和財務狀況仍相對健全。"
"《台北股市》季報照妖 康控-KY、互億等5檔跌停","【時報-台北電】上市櫃公司第三季稅後獲利雖繳出1.18兆元新高，但仍有不少公司慘虧，第三季季報未如期公告的互億（6172）預計明（18）日起停買，前三季每股大虧逾2個股本的康控-KY（4943）、大虧1.2個股本的VHQ-KY（4803）、淨值轉負數年底前將下櫃等，以及杏國（4192）及駿熠電（3642）明天起打入全額交割股，5檔個股今天幾乎都直接跳水跌停打不開。杏國之前因新藥第三期解盲未過，股價連殺10多根跌停，之後在40元之上止穩震盪，但第三季季報公布結果，每股虧損擴大至1.9元，累計前三季虧損達3.34元；駿熠電前三季每股也虧1.63元，淨值均掉到5元以下，遭櫃買中心列變更交易方法，即打入全額交割股。此外，互億自結前三季每股獲利0.71元，但第三季財報卻出不來，股價從10月下旬就連跌了6根跌停，之後在20元之上震盪整理，因財報出不來，且自明天起停止買賣，股價再度應聲跌停。康控-KY於2017年12月間，股價曾達624元天價，但近年來獲利節節敗退，造成股價跌跌不休，宣布今年前三季每股虧損20.13元，股價連二根跌停至41.5元。VHQ-KY也曾是200元俱樂部，2018年5月曾達244元，今年前三季大幅虧損12.48元，如今股價連三根跌停後，今天跌停僅剩下7.48元。由於淨值已轉為負數，預計12月27日起下櫃。（新聞來源：工商即時 呂淑美／台北報導）"
"康控-KY大賠2資本額 連3天跌停！金管會爆內幕：會計師回函發現",證交所在9月將康控-KY（4943）列在財務警示專區，但仍出現鉅額打銷應收款，今年前三季直接賠掉2個資本額，金管會證期局局長張振山今（18）日表示，這部份正由會計師事務所清查帳款了解中，但並無要求要何時回報結果。對於此事件，張振山指出，最早是由資誠會計師函證回函時發現的，康控有一個客戶在中國大陸，現在仍和康控有生意往來，有函證詢問康控是否有欠他們應收帳款，當時康控回覆會計師說沒有，但會計師發現落差很大起疑，因此請資誠會計師事務所會去查證。根據康控-KY第3季財報揭露，認列預期信用減損損失高達26億元，Q3虧損27億元，EPS為-17.49元；累計前3季虧損32.2億元，EPS虧損達-20.3元。在發布財報後，康控-KY股價暴跌，加上今日已經連吃3根跌停板。▼康控-KY連吃3根跌停板。（圖/翻攝自XQ全球贏家）對此，張振山強調，「第3季財報雖然已出來，但那筆帳款必須去了解」，所以財報先用保留的方式，並不會限制會計師事務所何時要回報，但櫃買中心、證券交易所也會去了解應收帳款有沒有問題，都正在進行中。另外，金管會證期局副局長蔡麗玲曾說明，已請康控-KY跟會計師說明預期信用損失的評估及會計處理的妥適性，並在9月就把康控-KY列入到財務警示重點專區，再請康控每月定期公告高流動性的資產、短期借款、1年期1年內到期的長期負債等財務資料。至於為何出現鉅額打銷應收款？蔡麗玲強調，證交所將進行了解，也會就康控－KY第3季季報進行財報質實審閱，並跟會計師交換意見，以及要求加強資訊揭露。（封面示意圖／pixabay）
"康控-KY財報事件重挫3根跌停 證交所與櫃買緊盯狀況",（中央社記者謝方?台北2021年11月18日電）康控-KY第3季一次認列高達新台幣26.3億元預期信用減損，開盤股價已連3天跌停。金管會證期局長張振山指出，資誠會計師事務所目前在查證該筆應收帳款真相，證交所及櫃買中心也都緊盯相關情況。康控-KY因產品品質及責任歸屬與客戶認知有差距，應收帳款遲未入帳，在第3季財報一次認列26.3億元預期信用減損，導致前3季每股虧損20.13元，連日股價暴跌。張振山今天列席立法院財政委員會備詢，會前接受媒體聯訪時表示，康控-KY前10大客戶中有一位在中國，資誠會計師先前函證該客戶確認康控-KY該筆應收帳款正確性，但客戶回函表示沒有這筆帳，會計師針對該筆應收帳款巨大落差正在了解中，會以臨時簽證去查證確切情況。至於康控-KY第3季財報會計師以「保留意見」處理，張振山表示，因為康控-KY子公司並非會計師親自查核，因此以「保留意見」處理合規，針對這筆應收帳款落差，會計師已在查證真相，證交所及櫃買中心也會查證該筆應收帳款是否有問題，緊盯此案情況。
"《電子零件》康控-KY 6根跌停後 爆5604張大量直接拉漲停","【時報-台北電】康控-KY（4943）因第三季財報一次認列高達26.3億元預期信用減損，致前三季每股虧損高達20.13元，消息傳出後至今，股價連續摜殺出第6根跌停，同時，因股價跌不休，也遭到證交所自今（23）日起列處置股，每5分鐘撮合一次，但股價反而在今日第6根跌停抵27.3元後，於11點55分時，直接拉升至漲停33.3元。康控-KY近日股價幾乎呈現無量重挫，昨天僅有312張，今天至12點20分止，成交量已爆出7073張大量，較前一大增近22倍，顯示股價經過連6根跌停後，有特定買盤趁著低檔大舉吃貨。到於買盤到底來自哪裡？是何方神聖敢在11點50分時最後一筆跌停價大敲5604張，備受市場關注。（新聞來源：工商即時 呂淑美）"
"《台北股市》鈺創、事欣科跌停 領元宇宙、低軌衛星大跌","【時報-台北電】元宇宙及低軌衛星題材的二大飆股指標-鈺創（5351）及事欣科（4916），今（23）日股價雙雙摜殺跌停，因而領跌近來被熱炒的二大題材概念股，元宇宙的驊訊（6237）及宏達電（2498）都重挫8％以上，低軌衛星的宏觀（6568）等也跌超過7％。市場近來熱炒元宇宙及低軌衛星題材，帶動相關概念股股價齊揚，不少個股漲幅動輒達1～2倍以上，有些公司有獲利基本面支撐，但也有些公司獲利並未明顯上升，多屬本夢比，因而當國際股市拉回，外資開始調節之際，不具有基本面題材股，就成為市場提款標的。元宇宙今天雖有LED族群展開補漲，億光強勢攻上漲停，另瑞軒也上漲逾2％，但整體氣勢疲弱，鈺創跌停，驊訊、位速、宏達電等之前強勢指標都跌超過8％，智崴、佐臻、中光電、創王、威盛、威鋒電子、信驊及凌陽創新等跌幅都在4～6％以上。另外，低軌衛星題材股今天除了事欣科跌停，宏觀、建漢、金居、勝輝電子-KY、昇貿、台揚、敬鵬等股價都跌3～7％以上。（新聞來源：工商即時 呂淑美）"
康控-KY連跌6天跌停變漲停！5604張神秘大單引關注,康控-KY（4943）先前公告Q3財報，竟一次認列26.3億元的預期信用減損，前3季EPS直接掉到-20.13元，引發金管會關注，證期局長張振山強調，「一定會去了解」。沒想到，事情爆發至今已經吃下6根跌停的康控-KY，在今（23）天突然直接飆漲停，成為市場焦點。據了解，康控-KY有一筆應收帳款遲未入帳，資誠會計師便函證該客戶確認康控-KY該筆應收帳款正確性，但客戶回函表示沒有這筆帳，因此發布Q3財報時，一次認列了高達26.3億元預期信用減損；至於為何有如此巨大認知落差，資誠會計師仍在查證了解中。此消息爆發至今，康控-KY的股價已連續吞6根跌停。跌跌不休的情況，在今天遭到證交所列處置股，改為每5分鐘撮合一次，但沒想到，股價跌至27.3元後，在11點50分的撮合出現戲劇性大反轉，一筆5604張的大單敲進，11點55分直接拉升至漲停33.3元，收盤時，成交量爆出7389張大量，顯示股價經過連6根跌停後，有特定買盤趁著低檔買進大舉吃貨。但買盤到底是何方神聖仍不得而知。▼康控-KY瞬間從跌停變漲停（圖/翻攝自XQ全球贏家）（封面示意圖／unsplash）
"《半導體》世芯-KY跳空跌停986元 千金股不妙","【時報-台北電】近來千金股紛紛大跳水，世芯-KY（3661）今（25）日直接跳空跌停抵986元，跌落至千元以下，股價從11月12日盤中歷史最高點1325元之後，連續第9天，天天跌，過去8天投信連8賣913張是元兇。外資則是近3日買超世芯-KY達811張。千金股是11月以來扮演台股多頭指標，千金股、高價股紅透半邊天，股價沒有最高只有更高，令市場望而興嘆，而就在台股挑戰萬八不成之後，高價股率先反轉，股王矽力-KY跌破5千元大關，股后信驊也緊接著摜破3千元，緯穎跌落至千元以下，今天世芯-KY直接跌停摔出千元，台股從12千金股盛況，今天為10檔千金股。2千元俱樂部譜瑞-KY，繼昨日被大立光追超車之後，今天一早也一度回測2千元大關，於九點半時，股價來到2050元小漲10元；大立光在股價跌無可跌，公司庫藏股漸發揮效用，以及外資昨天回頭小買92張級，近日股價相對持穩，今在平盤上游走。（新聞來源：工商即時 呂淑美）"
美國商務部開新實體名單，世芯-KY跌停鎖死、金麗科也大跌,"【財訊快報／記者李純君報導】美國商務部24日新增十幾家中國大陸與香港公司到限制貿易的實體清單之中，受此利空消息衝擊，世芯-KY(3661)跌停鎖死，股價不單跌破千元大關，更只剩下986元，而金麗科(3228)也一度打到跌停的444.5元價位。 美國商務部指出，在實體清單的這些企業，支持中國大陸解放軍現代化或涉及美國反對的對外技術銷售。名單中，杭州中科微、湖南國科微、新華三半導體、西安航天華迅、蘇州雲芯微電，共計五家陸資企業，被認定支持解放軍現代化，其中最受注意的就是國科微。而合肥微尺度物質科學國家研究中心、國盾量子、上海國盾量子，被指獲取或試圖獲取新興技術供中國大陸軍方應用。陝西智恩機電科技公司、Peaktek Company Ltd.和北京東方遠望石油科技，三家陸企因為參與巴基斯坦不安全的核子活動或彈道導彈計畫，亦被列入貿易黑名單。至於三家與嘉兆科技有關的關係企業，則因向伊朗、北韓及中國大陸出售美國和其他西方國家的技術為由，列入黑名單。隨著該份名單的出爐，法人圈擔心，世芯-KY與金麗科恐受波及，甚至影響到這些台系設計業者後續的營運成長力道，致使今日賣壓沉重，世芯-KY開盤直接跌停鎖死，更有超過二千多張的賣單高掛，至於五分鐘一盤的金麗科，9點半也打到跌停的444.5元價位，10點多跌幅超過6%，成交量已經超過1700張。<BR>"
中企黑名單風暴，世芯-KY早盤跌停鎖死，惟美系外資重申買進,"【財訊快報／記者劉居全報導】美國商務部最新宣布，將多家中企列入貿易黑名單中，而這波名單中疑似包括世芯-KY(3661)客戶的湖南國科微電子，僅管世芯-KY並未證實飛騰以外的另名主要大陸客戶名稱，不過世芯-KY今(25)日早盤跳空跌停開出鎖死，而美系外資在新出爐的報告中仍重申世芯-KY「買進」評等，目標價維持1340元。 世芯-KY主要客戶以中國大陸市場為主，在美中關係近2年來轉趨緊繃下，世芯-KY今年因天津飛騰事件承受過一波重擊，隨著事件淡化，下半年營運表現不差，而美系外資指出，預估本次事件與當初天津飛騰相比，影響應該相對可控制，主要是因為目前市場對於ASIC(客製化晶片)需求仍很強勁，加上，世芯-KY在面對過飛騰事件後，對於相關處理，應該可以因應突發狀況。美系外資表示，短期內在等待世芯-KY說明該消息前，美國商務部的公告恐會對世芯-KY股價造成負面反應。美系外資表示，世芯-KY其他客戶包括Amazon、Habana和智慧手機ISP業者等，世芯-KY在業界仍具有領先地位，並持續擴大其非大陸客戶占比，加上受惠中國大陸半導體自製風潮，重申世芯-KY「買進」評等，目標價維持1340元。此外，隨著年底到來，法人追求績效啟動作帳行情，但以世芯-KY目前外資及投信持股合計超過78%，其中外資持股逾6成，投信持股一成多，若以今日開盤跳空跌停鎖死，造成流通不易，法人為求績效表現，是否會砍其他已漲多持股較高的相關個股，引發連鎖效應？值得留意。<BR>"
北向資金11月大幅減持，紫光股份早盤股價一度觸及跌停,"【財訊快報／陳孟朔】中國紫光集團旗下上市公司紫光股份(深股代碼000938)週四早盤一度重挫觸及跌停，後有所回升；港交所數據顯示北向資金11月大幅減持該股。 台北時間10：44，紫光最新報價為人民幣25.19元(下同)，挫跌2.43元或8.8%，盤初低點在24.86元，為滬深300指數墊底成份股，後者小挫0.3%。年初迄今，紫光股份仍上漲24%。港交所數據顯示，北向資金通過互聯互通機制對紫光股份的持股已從月初的5,574萬股減少至週三的4,834萬股。外電曾報導，由阿里巴巴牽頭的財團成為競購清華紫光集團的領先者，該交易可籌集逾500億元人民幣(約78億美元)資金，幫助負債累累的紫光集團維持營生。"
"中國客戶疑遭美列黑名單 世芯-KY跌停失守千元大關","（中央社記者張建中新竹2021年11月25日電）美國商務部今天宣布新一波貿易黑名單，外資點名其中的湖南國科微疑是世芯-KY (3661) 客戶，衝擊世芯-KY股價重挫跌停，跌破新台幣1000元大關，台股剩「十千金」。美國商務部今天將27個被認定違反美國國家安全或對外政策利益實體列入出口管制實體清單，有12家中國企業上榜。美系外資報告指出，這波名單中的湖南國科微疑是IC設計服務廠世芯-KY的客戶，今年第2季營收比重接近30%水準。世芯-KY今年4月間曾因大客戶飛騰遭美國商務部列入實體清單，股價自900多元急殺至363.5元，慘跌超過6成。外資看好世芯-KY在人工智慧及高效能運算領域具有穩固產業地位，預期這次事件對世芯-KY的影響應在可控範圍，世芯-KY目前對此尚無評論。不過消息一出，仍引發市場恐慌性賣壓出籠，衝擊世芯-KY股價重挫跌停 至986元，大跌109元。隨著世芯-KY股價跌破1000元大關，台股僅剩「十千金」。深耕中國大陸市場的處理器廠金麗科 (3228) 股價也一度受到波及重挫跌停，達444.5元，下挫49元。其餘高價IC設計股信驊 (5274) 及祥碩 (5269) 股價同步走跌，分別達2770元及1815元，下跌205元及100元，跌幅達6.89%及5.22%。（編輯：張良知）"
疫情變數及股價漲多回吐，航空雙雄股價盤中重挫至跌停,"【財訊快報／記者劉居全報導】受到新變異株「B.1.1.529」來勢洶洶，疫情變數再起，加上股價漲多部分投資人獲利了結，航空雙雄包含華航(2610)及長榮航(2618)今(26)日盤中股價重挫，盤中華航及長榮航股價都一度重挫至跌停。 世界衛生組織(WHO)宣布將於周五召開特別會議，討論B.1.1.529對目前的疫苗和治療方式會造成何種影響，而英國為預防病毒傳播，已經將南非等六個非洲國家列入高風險地區，暫停多個非洲國入境英國的航班。原本趨緩的疫情，市場對於航空雙雄明年重啟客運市場抱持希望，加上貨運旺季效應，航空雙雄近期股價飆升，近一個月漲幅超過五成以上，華航甚至超過八成，不過隨著疫情變數再起，投資人出現獲利回吐，使得華航及長榮航盤中股價都一度重挫至跌停；而華航盤中鎖住跌停。"
"台積電破600、長榮航跌停…變種病毒威脅增 專家說因「這」原因，台股會跌的比其他國家重","台股今（26）日早盤大跌近三百點，最低點來到17367.53點，跌掉274.26點，一舉摜破月線17500大關。除了台積電（2330）以598元開低後，持續在季線附近震盪外，其他大型電子權值股表現也較為疲弱，而近期迅速飆漲、成為熱議焦點的長榮航（2618）、華航（2610）等航運雙雄，也受到新型變種病毒消息的影響，讓股價重挫，早盤甚至一度跌停。大盤一度重挫近300點，分析師陳進富表示，最主要的原因是世衛組織宣布將召開特別會議，討論感染力更強的新變異株「B.1.1.529」影響，顯見未來除了日本以外，世界其他各國有出現第三波疫情的隱憂。這消息也讓今天航空股的股價表現直接重挫，其中隱含著，原先市場對未來疫情趨緩預期的幻滅。台股加權指數從10月中一路上漲，陳進富說，對於台股而言，目前位置相當尷尬，因為台股強度僅次於美股，在亞洲股市中是漲勢最強的市場，但如日本、韓國的股市都已經接近空頭位置，如果屆時爆發新一波疫情，讓全球股市向下修正，台股反而因為近期持續上漲，沒有修正，因此遇到整個市場反轉向下時，會面臨比其他國家的股市更大的補跌風險。從11月以來，觀察外資已經開始休假，雖然仍在市場大進大出，但近期操作以期貨指數為主，現貨僅是搭配的配額操作，而這幾周的盤勢，明顯是內資在撐盤，如果到時候整個大盤面臨修正時，如果是修正台積電以外的股票，會讓台股跌得更重。陳進富舉例，像是前幾天台積電慢慢回檔，但台股卻呈現撐著不跌的情況，到了今天，台積電的跌勢比較趨緩後，指數的下跌重挫，就從其他地方來補，像是高價股矽力-KY（6415）在近幾個交易日中，已從高點回落一千塊以上，其他高價股集團亦或航空股也會面臨修正幅度較大的風險。陳進富提到，目前最擔心的事情是，之前國際股市並沒有這麼強勢，全世界也只有美股呈現獨強的狀況，但台股持續跟著美股走，處於相對高檔的位置，如果往下修正時，台股補跌修正的風險比其他國家大。若以日本、韓國的股市為基準，觀察其均線位置對照台股來看，台股加權指數大概還有300至1,000點不等的向下修正空間。另外，陳進富也說，隨著新型變種病毒可能再次威脅全世界，台股在盤面上可注意生技概念股，如防疫、疫苗、口罩等相關類股是否相對走得比較強，也是另一種驗證台股為何走跌的方式。"
"期待落空！變異病株驚嚇全球 台股航空雙雄跌停",新型變種病毒再起，世界衛生組織(WHO)將召開特別會議討論，包括台北股市等亞洲主要股市今天(26日)風聲鶴唳，台股大盤一度下跌逾300點，尾盤收跌284點，跌幅1.61%，收17369點。至於原本市場期待疫情趨緩，航空將大有表現，但受變異病株再起影響，近期熱絡的長榮、華航兩家航空公司，股價都以跌停收盤。南非發現新型變種病毒，香港也已發現個案，包括台北股市等亞洲主要股市26日全軍覆沒，歐洲股市早盤重挫，美股晚間才開盤，但道瓊期貨指數先大跌逾900點，那斯達克100期指也跌逾200點。台股開低殺低，不僅一舉摜破17500點、更跌落月線關卡，創下本波反彈以來最大跌幅，終場下跌284點、收17369點、成交量新台幣3500多億。變種病毒來勢洶洶，衝擊台股表現，終止連7週週線收紅，本週指數反下跌400多點。受疫情影響，台股26日盤面呈現兩樣情。原本看好疫情趨緩，航空公司將大步向前，如今變種病毒讓市場擔憂，近期熱絡的航空雙雄「華航」以及「長榮航」，股價全打到跌停。分析師表示，新型變種病毒由於變異處更多，WHO還要召開特別會議討論，在一切未知的狀況下，市場更加恐慌。另外，根據美國聯準會(Fed)公布的會議紀錄顯示，愈來愈多決策官員暗示如果通膨持續居高不下，對於加速削減購債持開放態度，並有意提早升息，種種利空對於台股都具有殺傷力。況且全世界目前除了美股表現強勢，台股緊追在後，但其他國家股市都已陸續修正，因此遇到利空消息時，台股補跌修正的風險也會比其他國家大。國泰證期顧問處經理蔡明翰說：『(原音)疫情當然大家也會擔心，但還有一個很重大的問題，就是位階。疫情又升溫，但股市在歷史新高，就美股的角度，所以多少壓力也會比較沈重。』外資26日在台股賣超幅度加大，賣超300多億，三大法人全站在賣超。台北金融市場股匯雙殺，由於外資匯出，拖累新台幣貶勢加大，但出口商見美元升值，又進場賣美元，一來一往下，新台幣收27.836元，貶值3.5分，創2周以來新低。
"《商情》恐慌性拋售 紐約期棉跌停","【時報-台北電】恐慌性拋售，周二紐約棉花期貨跌停；因市場受Omicron 冠狀病毒變種振盪，重燃投資人對天然纖維的需求擔憂，致期棉暴跌逾4%至每日交易限額，其中3月棉花合約本月累跌近4.3%，創近半年來首次月度下跌；美國紐約棉花交易所(NYCE/ICE) 12月棉花期貨跌4.3%，報每磅111.65美分，3月棉花期貨跌4.5%，收盤每磅106.41美分，跌至10月27日以來低點。另外，美國農業部(USDA)週作物生長報告顯示，截至11月28日當周，美國棉花收割率為85%，之前一周為75%，去年同期為83%，五年均值為79%。中國鄭州商品期貨11月期棉結算價收報每公噸18525元人民幣，與前一日減少905元人民幣；庫存方面，截至11月29日，ICE登記庫存400包。(編輯整理：鄧凱綺)(商品行情網)"
"《商情》變種病毒擔憂 小麥跌至近三周低點、大豆連五跌、棉花跌停",【時報-台北電】受變種Omicron病毒的傳播可能減緩全球經濟影響，促使投資者降低投資風險，加上原油市場大幅下跌和南美作物生長的良好天氣的打壓，本周商品市場走勢漲跌互見；其中小麥期貨，最近幾周小麥市場飆漲，主要是因為俄羅斯可能實施更多出口限制以及澳洲作物遭受降雨破壞的風險，加劇了對麵粉小麥供應緊張的擔憂，隨後受到疫情影響而走跌。影響本周價格波動有:1.周一(11/29)紐約近月阿拉比卡咖啡期貨暴跌4%，收報233.85美分。2.周二(11/30)芝加哥近月小麥期價跌至近三周低點。3.周二(11/30玉米期價跟隨小麥走低，近月大豆期價連五跌，收報1217.25美分。4.周二(11/30)紐約棉花3月期貨跌停，暴跌4.5%，本月累跌近4.3%，創近半年來首次月度下跌。5.憂全球食用油拋售，周二(11/30)馬來西亞棕櫚油期貨急跌3.8%，跌近2個月新低。6.需求抵消了病毒擔憂，周四(12/2)芝加哥穀物期貨全數收紅。(編輯整理:倪淑茹、鄧凱綺)(商品行情網）
